연번,주차장명,주차장구분,주차장유형,소재지도로명주소,소재지지번주소,주차구획수,장애인,여성,전기충전급속,전기충전연속,급지구분,부제시행구분,운영요일,평일운영시작시각,평일운영종료시각,토요일운영시작시각,토요일운영종료시각,공휴일운영시작시각,공휴일운영종료시각,요금정보,주차기본시간,주차기본요금,추가단위시간,추가단위요금,1일주차권요금적용시간,1일주차권요금,월정기권요금,결제방법,특기사항,관리기관명,데이터기준일자
1,산수1동 제3주차장,공영,노외,광주광역시 동구 경양로 309-6,광주광역시 동구 산수동 489-15,9,0,0,0,0,1급지,미시행,평일+토요일+공휴일,00:00,00:00,00:00,00:00,00:00,00:00,무료,무료,무료,무료,무료,무료,무료,무료,,,동구청 ,2024-03-31
2,산수도서관 주변,공영,노상,광주광역시 동구 경양로 355,광주광역시 동구 산수1동 401-58,35,0,0,0,0,1급지,미시행,평일+토요일+공휴일,00:00,00:00,00:00,00:00,00:00,00:00,무료,무료,무료,무료,무료,무료,무료,무료,,,동구청,2024-03-31
3,계림동 공영주차장,공영,노외,광주광역시 동구 경양로235번길 4,광주광역시 동구 계림동 489-25,3,0,0,0,0,1급지,미시행,평일+토요일+공휴일,00:00,00:00,00:00,00:00,00:00,00:00,무료,무료,무료,무료,무료,무료,무료,무료,,,동구청 ,2024-03-31
4,계림동 (거주자 우선),공영,노외,광주광역시 동구 경양로277번길 23-2,광주광역시 동구 계림동 280 ,80,0,0,0,0,1급지,미시행,평일+토요일+공휴일,00:00,00:00,00:00,00:00,00:00,00:00,무료,무료,무료,무료,무료,무료,무료,무료,,,동구청 ,2024-03-31
5,충장로상점가 공영주차장,공영,노외,광주광역시 동구 구성로 172-2,광주광역시 동구 충장로5가 25번지 ,38,0,0,0,0,1급지,미시행,평일+토요일+공휴일,09:00,18:00,09:00,18:00,09:00,18:00,유료,30,700,30,350,12시간,,,현금,,동구청 ,2024-03-31
6,전자의거리 공영주차장,공영,노외,광주광역시 동구 구성로 199,광주광역시 동구 대인동 27-9,68,3,0,0,0,1급지,미시행,평일+토요일+공휴일,09:00,19:00,09:00,19:00,09:00,19:00,유료,30,700,30,350,12시간,,,현금,,전자의거리상가번영회,2024-03-31
7,금남지하주차장,공영,부설,광주광역시 동구 금남로 246,광주광역시 동구 금남로1가 23,107,0,0,0,0,1급지,미시행,평일+토요일+공휴일,00:00,00:00,00:00,00:00,00:00,00:00,유료,120,무료,15,500,12시간,,,현금,,동구청,2024-03-31
8,너릿재유아숲,공영,노외,광주광역시 동구 남문로 48-8,광주광역시 동구 선교동 482,9,0,0,0,0,2급지,미시행,평일+토요일+공휴일,00:00,00:00,00:00,00:00,00:00,00:00,무료,무료,무료,무료,무료,무료,무료,무료,,,동구청 ,2024-03-31
9,지원1동주민센터 뒤,공영,노상,광주광역시 동구 남문로 606-5,광주광역시 동구 소태동 595-9,9,0,0,0,0,2급지,미시행,평일+토요일+공휴일,00:00,00:00,00:00,00:00,00:00,00:00,무료,무료,무료,무료,무료,무료,무료,무료,,,동구청,2024-03-31
10,지체장애인협회 앞,공영,노상,광주광역시 동구 남문로 638-7,광주광역시 동구 소태동 532-174,2,1,0,0,0,2급지,미시행,평일+토요일+공휴일,00:00,00:00,00:00,00:00,00:00,00:00,무료,무료,무료,무료,무료,무료,무료,무료,,,동구청,2024-03-31
11,내남동 공영주차장1,공영,노외,광주광역시 동구 내남동 산 322-9,광주광역시 동구 내남동 산 322-9번지 외 50,51,2,0,0,0,2급지,미시행,평일+토요일+공휴일,00:00,00:00,00:00,00:00,00:00,00:00,무료,무료,무료,무료,무료,무료,무료,무료,,,동구청 ,2024-03-31
12,내남동 공영주차장2,공영,노외,광주광역시 동구 내남동 산 322-9,광주광역시 동구 내남동 284번지 외 9,15,0,0,0,0,2급지,미시행,평일+토요일+공휴일,00:00,00:00,00:00,00:00,00:00,00:00,무료,무료,무료,무료,무료,무료,무료,무료,,,동구청 ,2024-03-31
13,녹동 주차장,공영,노외,광주광역시 동구 녹동길 80,광주광역시 동구 월남동 267-1,15,0,0,0,0,2급지,미시행,평일+토요일+공휴일,00:00,00:00,00:00,00:00,00:00,00:00,무료,무료,무료,무료,무료,무료,무료,무료,,,동구청 ,2024-03-31
14,계림동 푸른길 옆,공영,노상,광주광역시 동구 독립로376번길 16,광주광역시 동구 계림동 732,23,0,0,0,0,1급지,미시행,평일+토요일+공휴일,00:00,00:00,00:00,00:00,00:00,00:00,무료,무료,무료,무료,무료,무료,무료,무료,,,동구청,2024-03-31
15,힐링가든 계림동 제1주차장,공영,노외,광주광역시 동구 독립로384번길 13,광주광역시 동구 계림동 672,3,0,0,0,0,1급지,미시행,평일+토요일+공휴일,00:00,00:00,00:00,00:00,00:00,00:00,무료,무료,무료,무료,무료,무료,무료,무료,,,동구청 ,2024-03-31
16,동명동 제2공영주차장,공영,노외,광주광역시 동구 동계로10번길 11-1,광주광역시 동구 동명동 181-5일원,24,0,0,0,0,1급지,미시행,평일+토요일+공휴일,00:00,00:00,00:00,00:00,00:00,00:00,무료,무료,무료,무료,무료,무료,무료,무료,,,동구청 ,2024-03-31
17,동명동 공영주차장,공영,노외,광주광역시 동구 동계로15번길 18,광주광역시 동구 동명동 254-35,3,0,0,0,0,1급지,미시행,평일+토요일+공휴일,00:00,00:00,00:00,00:00,00:00,00:00,무료,무료,무료,무료,무료,무료,무료,무료,,,동구청 ,2024-03-31
18,동계천 공영주차장,공영,노상,광주광역시 동구 동계천로 10,광주광역시 동구 대인동 327-1,29,0,0,0,0,1급지,미시행,평일+토요일+공휴일,08:00,20:00,08:00,20:00,08:00,20:00,유료,30,700,15,350,12시간,,,현금,위탁,동구청,2024-03-31
19,동명동 제3공영주차장,공영,노외,광주광역시 동구 동계천로 171-4,광주광역시 동구 동명동35-6,18,0,1,0,0,1급지,미시행,평일+토요일+공휴일,00:00,00:00,00:00,00:00,00:00,00:00,무료,무료,무료,무료,무료,무료,무료,무료,,,동구청 ,2024-03-31
20,화원한정식 앞(전여고 뒤편),공영,노상,광주광역시 동구 동계천로95번길 3,광주광역시 동구 동명동 228-12,29,0,0,0,0,1급지,미시행,평일+토요일+공휴일,00:00,00:00,00:00,00:00,00:00,00:00,무료,무료,무료,무료,무료,무료,무료,무료,,,동구청,2024-03-31
21,가족회관 앞,공영,노상,광주광역시 동구 동명로 50,광주광역시 동구 동명동 159-7,9,0,0,0,0,1급지,미시행,평일+토요일+공휴일,00:00,00:00,00:00,00:00,00:00,00:00,무료,무료,무료,무료,무료,무료,무료,무료,,,동구청,2024-03-31
22,힐링가든 지산동 제1주차장,공영,노외,광주광역시 동구 동명로 81-14,광주광역시 동구 지산동 720-59,3,0,0,0,0,1급지,미시행,평일+토요일+공휴일,00:00,00:00,00:00,00:00,00:00,00:00,무료,무료,무료,무료,무료,무료,무료,무료,,,동구청 ,2024-03-31
23,동명동(푸른길),공영,노상,광주광역시 동구 동명로20번길 43-5,광주광역시 동구 동명동 25번지 주변,32,0,0,0,0,1급지,미시행,평일+토요일+공휴일,00:00,00:00,00:00,00:00,00:00,00:00,무료,무료,무료,무료,무료,무료,무료,무료,,,동구청,2024-03-31
24,동산경로당 주변,공영,노상,광주광역시 동구 동산길7번길 22,광주광역시 동구 동산길 7번길,9,0,0,0,0,3급지,미시행,평일+토요일+공휴일,00:00,00:00,00:00,00:00,00:00,00:00,무료,무료,무료,무료,무료,무료,무료,무료,,,동구청,2024-03-31
25,힐링가든 계림동 제2주차장,공영,노외,광주광역시 동구 무등로321번길 12-1,광주광역시 동구 계림동 554-1,4,0,0,0,0,1급지,미시행,평일+토요일+공휴일,00:00,00:00,00:00,00:00,00:00,00:00,무료,무료,무료,무료,무료,무료,무료,무료,,,동구청 ,2024-03-31
26,광고앞 공영주차장,공영,노상,광주광역시 동구 무등로333번길 11,광주광역시 동구 계림동 505-329,38,3,0,0,0,1급지,미시행,평일+토요일+공휴일,08:00,20:00,08:00,20:00,08:00,20:00,유료,30,700,15,350,12시간,,,현금,위탁,동구청,2024-03-31
27,계림2동(푸른길 옆),공영,노상,광주광역시 동구 무등로384번길 7,광주광역시 동구 계림동 38-2번지 주변,39,0,0,0,0,1급지,미시행,평일+토요일+공휴일,00:00,00:00,00:00,00:00,00:00,00:00,무료,무료,무료,무료,무료,무료,무료,무료,,,동구청,2024-03-31
28,산수1동주민센터 소규모주차장,공영,노외,광주광역시 동구 무등로449번길 5-42,광주광역시 동구 산수1동 548-5번지 외 4필지,18,1,0,0,0,1급지,미시행,평일+토요일+공휴일,00:00,00:00,00:00,00:00,00:00,00:00,무료,무료,무료,무료,무료,무료,무료,무료,,,동구청 ,2024-03-31
29,국립아시아문화전당 A주차장,공영,부설,광주광역시 동구 문화전당로 26번길 7,광주광역시 동구 광산동 13,275,0,0,0,0,1급지,미시행,평일+토요일+공휴일,00:00,00:00,00:00,00:00,00:00,00:00,유료,30,800,15,400,12시간,15000,,현금,,동구청,2024-03-31
30,삼성아파트 앞,공영,노상,광주광역시 동구 밤실로 38,광주광역시 동구 지산동 315-24,16,0,0,0,0,1급지,미시행,평일+토요일+공휴일,00:00,00:00,00:00,00:00,00:00,00:00,무료,무료,무료,무료,무료,무료,무료,무료,,,동구청,2024-03-31
31,서석동 KT뒤쪽 담장(삼미관 앞),공영,노상,광주광역시 동구 백서로 189번길,광주광역시 동구 서석동21-10,8,0,0,0,0,1급지,미시행,평일+토요일+공휴일,00:00,00:00,00:00,00:00,00:00,00:00,무료,무료,무료,무료,무료,무료,무료,무료,,,동구청,2024-03-31
32,서석교회 옆,공영,노상,광주광역시 동구 백서로 226-1,광주광역시 동구 동명동 142-34,7,0,0,0,0,1급지,미시행,평일+토요일+공휴일,00:00,00:00,00:00,00:00,00:00,00:00,무료,무료,무료,무료,무료,무료,무료,무료,,,동구청,2024-03-31
33,"서남동 제1,2주차장",공영,노외,광주광역시 동구 백서로153번길 12-9,"광주광역시 동구 서석동117-1,118-1",10,0,0,0,0,1급지,미시행,평일+토요일+공휴일,00:00,00:00,00:00,00:00,00:00,00:00,무료,무료,무료,무료,무료,무료,무료,무료,,,동구청 ,2024-03-31
34,서남동 제3주차장,공영,노외,광주광역시 동구 백서로174번길 7,광주광역시 동구 서석동471-17,5,0,0,0,0,1급지,미시행,평일+토요일+공휴일,00:00,00:00,00:00,00:00,00:00,00:00,무료,무료,무료,무료,무료,무료,무료,무료,,,동구청 ,2024-03-31
35,서석동 드림원룸주차장,공영,노외,광주광역시 동구 서남로 15-1,광주광역시 동구 서석동 28-3,14,0,0,0,0,1급지,미시행,평일+토요일+공휴일,00:00,00:00,00:00,00:00,00:00,00:00,무료,무료,무료,무료,무료,무료,무료,무료,,,동구청 ,2024-03-31
36,서석동 공영주차장,공영,노외,광주광역시 동구 서남로 22,광주광역시 동구 서석동 25-3,28,0,0,0,0,1급지,미시행,평일+토요일+공휴일,08:00,18:00,08:00,18:00,08:00,18:00,유료,30,700,15,350,12시간,,,현금,,동구청 ,2024-03-31
37,국립아시아문화전당 B주차장,공영,부설,광주광역시 동구 서석동 문화전당로26번길 18,광주광역시 동구 광산동 113,249,0,0,0,0,1급지,미시행,평일+토요일+공휴일,00:00,00:00,00:00,00:00,00:00,00:00,유료,30,800,15,400,12시간,15000,,현금,,동구청,2024-03-31
38,서남동 공영 제4주차장,공영,노외,광주광역시 동구 서석동 백서로189번길 13,광주광역시 동구 서석동 28-3,14,0,0,0,0,1급지,미시행,평일+토요일+공휴일,01:00,00:00,00:00,00:00,00:00,00:00,무료,무료,무료,무료,무료,무료,무료,무료,,,동구청,2024-03-31
39,황금주차빌딩,공영,부설,광주광역시 동구 서석로 29-2,광주광역시 동구 황금동 80,301,0,0,0,0,1급지,미시행,평일+토요일,07:30,00:30,07:30,00:30,00:00,00:00,유료,30,1000,30,1000,12시간,,,현금,,동구청,2024-03-31
40,성촌마을,공영,노외,광주광역시 동구 성촌길5번길 25-2,광주광역시 동구 운림동 251,4,0,0,0,0,3급지,미시행,평일+토요일+공휴일,00:00,00:00,00:00,00:00,00:00,00:00,무료,무료,무료,무료,무료,무료,무료,무료,,,동구청 ,2024-03-31
41,그린빌라 앞,공영,노상,광주광역시 동구 소태길 22-3,광주광역시 동구 소태동 206,18,0,0,0,0,2급지,미시행,평일+토요일+공휴일,00:00,00:00,00:00,00:00,00:00,00:00,무료,무료,무료,무료,무료,무료,무료,무료,,,동구청,2024-03-31
42,소태동 지원3구역,공영,노외,광주광역시 동구 소태길 35-10,광주광역시 동구 소태동 304,19,0,0,0,0,2급지,미시행,평일+토요일+공휴일,00:00,00:00,00:00,00:00,00:00,00:00,무료,무료,무료,무료,무료,무료,무료,무료,,,동구청 ,2024-03-31
43,증심사 이주단지 공영주차장,공영,노외,광주광역시 동구 운림동 증심사길30번길 45,광주광역시 동구 운림동 993,77,0,0,0,0,3급지,미시행,평일+토요일+공휴일,00:00,00:00,00:00,00:00,00:00,00:00,무료,무료,무료,무료,무료,무료,무료,무료,,,동구청,2024-03-31
44,증심사지구 주차장,공영,부설,광주광역시 동구 의재로 216,광주광역시 동구 운림동 422-1번지,448,0,0,0,0,3급지,미시행,평일+토요일+공휴일,00:00,00:00,00:00,00:00,00:00,00:00,무료,무료,무료,무료,무료,무료,무료,무료,,"평일 종일 3000, 주말공휴일 무료",동구청,2024-03-31
45,성촌부락,공영,노상,광주광역시 동구 의재로 231,광주광역시 동구 운림동 321-9,13,0,0,0,0,3급지,미시행,평일+토요일+공휴일,00:00,00:00,00:00,00:00,00:00,00:00,무료,무료,무료,무료,무료,무료,무료,무료,,,동구청,2024-03-31
46,학운동주민센터 앞,공영,노상,광주광역시 동구 의재로 53,광주광역시 동구 의재로 (학동 720-10),2,0,0,0,0,3급지,미시행,평일+토요일+공휴일,00:00,00:00,00:00,00:00,00:00,00:00,무료,무료,무료,무료,무료,무료,무료,무료,,,동구청,2024-03-31
47,소태동 지원 4구역 제1주차장,공영,노외,광주광역시 동구 의재로88번길 20,광주광역시 동구 소태동 725-1,19,1,0,0,0,2급지,미시행,평일+토요일+공휴일,00:00,00:00,00:00,00:00,00:00,00:00,무료,무료,무료,무료,무료,무료,무료,무료,,,동구청,2024-03-31
48,중앙도서관 공영주차장,공영,노상,광주광역시 동구 장동로 23-16,광주광역시 동구 동명동 143-14,폐지(18),0,0,0,0,1급지,미시행,평일+토요일+공휴일,00:00,00:00,00:00,00:00,00:00,00:00,무료,무료,무료,무료,무료,무료,무료,무료,,,동구청,2024-03-31
49,국립아시아문화전당 부설주차장,공영,부설,광주광역시 동구 제봉로 110번길 10,광주광역시 동구 장동 99,628,0,0,0,0,1급지,미시행,평일+토요일+공휴일,00:00,00:00,00:00,00:00,00:00,00:00,유료,30,800,15,400,12시간,15000,,현금,,동구청,2024-03-31
50,궁동공영주차장,공영,노외,광주광역시 동구 제봉로 153-4,광주광역시 동구 궁동15번지,35,1,0,1,0,1급지,미시행,평일,08:00,20:00,-,-,-,-,유료,30,700,30,350,12시간,,,현금,,동구청 ,2024-03-31
51,전여고 후문앞 공영주차장,공영,노상,광주광역시 동구 제봉로158번길 8,광주광역시 동구 장동 139,69,0,0,0,0,1급지,미시행,평일+토요일+공휴일,08:00,20:00,08:00,20:00,08:00,20:00,유료,30,700,15,350,12시간,,,현금,위탁,동구청,2024-03-31
52,남광주시장 광장주차장,공영,노외,광주광역시 동구 제봉로17번길 9-9,광주광역시 동구 학동55번지,60,3,0,0,0,1급지,미시행,평일+토요일+공휴일,06:00,19:00,06:00,19:00,06:00,19:00,유료,15,300,15,300,12시간,,,현금,,남광주시장상인회,2024-03-31
53,대인시장 제2주차장,공영,노외,광주광역시 동구 제봉로194번길 10,광주광역시 동구 대인동309-3,39,0,0,0,0,1급지,미시행,평일+토요일+공휴일,09:00,18:00,09:00,18:00,09:00,18:00,유료,30,500,30,500,12시간,,,현금,,대인시장상인회,2024-03-31
54,대인시장 제1주차장,공영,노외,광주광역시 동구 제봉로194번길 7-1,광주광역시 동구 대인동310-9,23,0,0,0,0,1급지,미시행,평일+토요일+공휴일,09:00,18:00,09:00,18:00,09:00,18:00,유료,30,500,30,500,12시간,,,현금,,대인시장상인회,2024-03-31
55,대인동 광주우체국 옆,공영,노상,광주광역시 동구 제봉로213번길 8,광주광역시 동구 대인동 16-13,8,0,0,0,0,1급지,미시행,평일+토요일+공휴일,00:00,00:00,00:00,00:00,00:00,00:00,무료,무료,무료,무료,무료,무료,무료,무료,,,동구청,2024-03-31
56,서석동 KT 앞,공영,노상,광주광역시 동구 제봉로82번길 16,광주광역시 동구 서석동 31-9,6,0,0,0,0,1급지,미시행,평일+토요일+공휴일,00:00,00:00,00:00,00:00,00:00,00:00,무료,무료,무료,무료,무료,무료,무료,무료,,,동구청,2024-03-31
57,광산교회 앞,공영,노상,광주광역시 동구 제봉로98번길 11-3,광주광역시 동구 장동 101-21,14,0,0,0,0,1급지,미시행,평일+토요일+공휴일,00:00,00:00,00:00,00:00,00:00,00:00,무료,무료,무료,무료,무료,무료,무료,무료,,,동구청,2024-03-31
58,이마트 옆 일방로,공영,노상,광주광역시 동구 중앙로 358,광주광역시 동구 계림동 100-11,12,0,0,0,0,1급지,미시행,평일+토요일+공휴일,00:00,00:00,00:00,00:00,00:00,00:00,무료,무료,무료,무료,무료,무료,무료,무료,,,동구청,2024-03-31
59,계림구시청뒷길,공영,노상,광주광역시 동구 중흥로213번길 366,광주광역시 동구 계림동 533-1~533-15,12,0,0,0,0,1급지,미시행,평일+토요일+공휴일,00:00,00:00,00:00,00:00,00:00,00:00,무료,무료,무료,무료,무료,무료,무료,무료,,,동구청,2024-03-31
60,학운동 주차장,공영,노외,광주광역시 동구 증심천로33번길 2-1,광주광역시 동구 학동 813-2,6,0,0,0,0,1급지,미시행,평일+토요일+공휴일,00:00,00:00,00:00,00:00,00:00,00:00,무료,무료,무료,무료,무료,무료,무료,무료,,,동구청 ,2024-03-31
61,힐링가든 지산동 제2주차장,공영,노외,광주광역시 동구 지산로85번길 12,광주광역시 동구 지산동 713-24 ,8,0,0,0,0,1급지,미시행,평일+토요일+공휴일,00:00,00:00,00:00,00:00,00:00,00:00,무료,무료,무료,무료,무료,무료,무료,무료,,,동구청 ,2024-03-31
62,지산2동주민센터 소규모주차장,공영,노외,광주광역시 동구 지호로 51,광주광역시 동구 지산동 232-46,3,0,0,0,0,1급지,미시행,평일+토요일+공휴일,00:00,00:00,00:00,00:00,00:00,00:00,무료,무료,무료,무료,무료,무료,무료,무료,,,동구청 ,2024-03-31
63,단사공원 주변,공영,노상,광주광역시 동구 지호로 98번길,광주광역시 동구 지산동 218-31,48,0,0,0,0,1급지,미시행,평일+토요일+공휴일,00:00,00:00,00:00,00:00,00:00,00:00,무료,무료,무료,무료,무료,무료,무료,무료,,,동구청,2024-03-31
64,지산유원지 공영주차장,공영,노외,광주광역시 동구 지호로124번길 10,광주광역시 동구 지산동 105 ,62,2,0,0,0,2급지,미시행,평일+토요일+공휴일,00:00,00:00,00:00,00:00,00:00,00:00,무료,무료,무료,무료,무료,무료,무료,무료,,,도시재생과,2024-03-31
65,지산동 사회복지관 앞,공영,노상,광주광역시 동구 지호로164번길 14-10 무등산관광호텔,광주광역시 동구 지산동 산 63-1,12,0,0,0,0,2급지,미시행,평일+토요일+공휴일,00:00,00:00,00:00,00:00,00:00,00:00,무료,무료,무료,무료,무료,무료,무료,무료,,,동구청,2024-03-31
66,지산동 회전교차로 부근,공영,노상,광주광역시 동구 지호로70번길 9,광주광역시 동구 지산동 702-12,10,0,0,0,0,2급지,미시행,평일+토요일+공휴일,00:00,00:00,00:00,00:00,00:00,00:00,무료,무료,무료,무료,무료,무료,무료,무료,,,동구청,2024-03-31
67,풍향어린이공원 옆,공영,노상,광주광역시 동구 참판로 20번길 1,광주광역시 동구 계림동 1724,6,0,0,0,0,1급지,미시행,평일+토요일+공휴일,00:00,00:00,00:00,00:00,00:00,00:00,무료,무료,무료,무료,무료,무료,무료,무료,,,동구청,2024-03-31
68,영천교회주변,공영,노상,광주광역시 동구 참판로 25-1,광주광역시 동구 계림동 1513,19,0,0,0,0,1급지,미시행,평일+토요일+공휴일,00:00,00:00,00:00,00:00,00:00,00:00,무료,무료,무료,무료,무료,무료,무료,무료,,폐쇄,동구청,2024-03-31
69,호남동공영주차장,공영,노외,광주광역시 동구 천변우로 365,광주광역시 동구 호남동 16,193,0,0,0,0,1급지,미시행,평일+토요일+공휴일,08:00,22:00,08:00,22:00,08:00,22:00,유료,30,700,30,350,12시간,,,현금,,동구청 ,2024-03-31
70,소태동 공영주차장,공영,노외,광주광역시 동구 천변좌로 608,광주광역시 동구 소태동 우영타워,24,0,0,0,0,2급지,미시행,평일+토요일+공휴일,00:00,00:00,00:00,00:00,00:00,00:00,무료,무료,무료,무료,무료,무료,무료,무료,,,동구청 ,2024-03-31
71,칠전주차장,공영,노외,광주광역시 동구 칠전길 68,광주광역시 동구 월남동 476-1 (자비정사 앞),8,0,0,0,0,2급지,미시행,평일+토요일+공휴일,00:00,00:00,00:00,00:00,00:00,00:00,무료,무료,무료,무료,무료,무료,무료,무료,,,동구청 ,2024-03-31
72,두암타운 옹벽,공영,노상,광주광역시 동구 필문대로 137번길,광주광역시 동구 산수동 537,20,0,0,0,0,1급지,미시행,평일+토요일+공휴일,00:00,00:00,00:00,00:00,00:00,00:00,무료,무료,무료,무료,무료,무료,무료,무료,,,동구청,2024-03-31
73,조선대학교 치대,공영,노외,광주광역시 동구 필문대로 303,광주광역시 동구 서석동 421,150,9,0,0,0,1급지,미시행,평일+토요일+공휴일,00:00,00:00,00:00,00:00,00:00,00:00,무료,무료,무료,무료,무료,무료,무료,무료,,,조선대학교,2024-03-31
74,산수2동주민센터 소규모주차장,공영,노외,광주광역시 동구 필문대로187번길 27,광주광역시 동구 산수동 511-42,18,2,0,0,1,3급지,미시행,평일+토요일+공휴일,00:00,00:00,00:00,00:00,00:00,00:00,무료,무료,무료,무료,무료,무료,무료,무료,,,동구청 ,2024-03-31
75,산수1동(산수시장),공영,노상,광주광역시 동구 필문대로192번길 28-1,광주광역시 동구 산수동 559-35번지 주변,32,0,0,0,0,1급지,미시행,평일+토요일+공휴일,00:00,00:00,00:00,00:00,00:00,00:00,무료,무료,무료,무료,무료,무료,무료,무료,,,동구청,2024-03-31
76,산수동 놀이터 앞,공영,노상,광주광역시 동구 필문대로205번길 12-1,광주광역시 동구 지산동 713-1,8,0,0,0,0,1급지,미시행,평일+토요일+공휴일,00:00,00:00,00:00,00:00,00:00,00:00,무료,무료,무료,무료,무료,무료,무료,무료,,,동구청,2024-03-31
77,산수동 동구 국민체육센터,공영,노상,광주광역시 동구 필문대로205번길 17,광주광역시 동구 산수동 519-4,18,0,0,0,0,1급지,미시행,평일+토요일+공휴일,00:00,00:00,00:00,00:00,00:00,00:00,무료,무료,무료,무료,무료,무료,무료,무료,,,동구청,2024-03-31
78,동구체육센터 부근,공영,노외,광주광역시 동구 필문대로205번길 9,광주광역시 동구 산수동 520-10,5,0,0,0,0,1급지,미시행,평일+토요일+공휴일,00:00,00:00,00:00,00:00,00:00,00:00,무료,무료,무료,무료,무료,무료,무료,무료,,,동구청 ,2024-03-31
79,금호장례식장 부근,공영,노외,광주광역시 동구 학동 901-73,광주광역시 동구 학동 901-73,3,0,0,0,0,1급지,미시행,평일+토요일+공휴일,00:00,00:00,00:00,00:00,00:00,00:00,무료,무료,무료,무료,무료,무료,무료,무료,,,동구청 ,2024-03-31
80,남광주시장 지하주차장,공영,노외,광주광역시 동구 학동55번지,광주광역시 동구 제봉로17번길 9-9,71,4,0,0,0,1급지,미시행,평일+토요일+공휴일,06:00,19:00,06:00,19:00,06:00,19:00,유료,15,300,15,300,12시간,,,현금,,남광주시장상인회,2024-03-31
81,삼성전자대리점 뒤,공영,노상,광주광역시 동구 학동길 12,광주광역시 동구 학동1길 (학동 649-44 ~ 학동 890-9),14,0,0,0,0,1급지,미시행,평일+토요일+공휴일,00:00,00:00,00:00,00:00,00:00,00:00,무료,무료,무료,무료,무료,무료,무료,무료,,,동구청,2024-03-31
82,지원2동(진아하이빌 앞),공영,노상,광주광역시 동구 학소로 37,광주광역시 동구 소태동 443-15번지 주변,20,0,0,0,0,2급지,미시행,평일+토요일+공휴일,00:00,00:00,00:00,00:00,00:00,00:00,무료,무료,무료,무료,무료,무료,무료,무료,,,동구청,2024-03-31
83,지원1동(옛 지원중 앞),공영,노상,광주광역시 동구 학소로62번길 7,광주광역시 동구 소태동 490-2,16,0,0,0,0,2급지,미시행,평일+토요일+공휴일,00:00,00:00,00:00,00:00,00:00,00:00,무료,무료,무료,무료,무료,무료,무료,무료,,,동구청,2024-03-31
84,소태동 대주빌라 주변,공영,노상,광주광역시 동구 학소로86번안길 10,광주광역시 동구 소태동 700-2,5,0,0,0,0,2급지,미시행,평일+토요일+공휴일,00:00,00:00,00:00,00:00,00:00,00:00,무료,무료,무료,무료,무료,무료,무료,무료,,,동구청,2024-03-31
85,홍림교 부근,공영,노외,광주광역시 동구 학소로86번안길 23,광주광역시 동구 소태동 723-1,4,0,0,0,0,2급지,미시행,평일+토요일+공휴일,00:00,00:00,00:00,00:00,00:00,00:00,무료,무료,무료,무료,무료,무료,무료,무료,,,동구청 ,2024-03-31
86,용산체육공원1,공영,노외,광주광역시 동구 화산로 318-26,광주광역시 동구 용산동 151,62,2,0,0,0,2급지,미시행,평일+토요일+공휴일,00:00,00:00,00:00,00:00,00:00,00:00,무료,무료,무료,무료,무료,무료,무료,무료,,,동구청 ,2024-03-31
87,용산체육공원2,공영,노외,광주광역시 동구 화산로 318-26,광주광역시 동구 용산동 151,19,0,1,0,0,2급지,미시행,평일+토요일+공휴일,00:00,00:00,00:00,00:00,00:00,00:00,무료,무료,무료,무료,무료,무료,무료,무료,,,동구청 ,2024-03-31
88,지원2동 주민센터 옆길,공영,노상,광주광역시 동구 화산로 361,광주광역시 동구 용산동 269-1 지원2동주민센터,21,0,0,0,0,2급지,미시행,평일+토요일+공휴일,00:00,00:00,00:00,00:00,00:00,00:00,무료,무료,무료,무료,무료,무료,무료,무료,,,동구청,2024-03-31
89,화산주차장,공영,노외,광주광역시 동구 화산로238번길 16,광주광역시 동구 용산동 405 (화산마을회관 앞),22,0,0,0,0,2급지,미시행,평일+토요일+공휴일,00:00,00:00,00:00,00:00,00:00,00:00,무료,무료,무료,무료,무료,무료,무료,무료,,,동구청 ,2024-03-31
90,용강공영주차장,공영,노외,광주광역시 동구 화산로337번길 1,광주광역시 동구 용산동 227,18,0,1,0,0,2급지,미시행,평일+토요일+공휴일,00:00,00:00,00:00,00:00,00:00,00:00,무료,무료,무료,무료,무료,무료,무료,무료,,,동구청 ,2024-03-31
91,동산타워 앞,공영,노상,광주광역시 동구 화산로350번길 18,광주광역시 동구 용산동 636-142,15,0,0,0,0,2급지,미시행,평일+토요일+공휴일,00:00,00:00,00:00,00:00,00:00,00:00,무료,무료,무료,무료,무료,무료,무료,무료,,,동구청,2024-03-31
92,우체국보험광주회관 주차장(국민건강보험공단 광주서부지사),공영,부설,광주광역시 서구 상무중앙로 110,광주광역시 서구 치평동 1213,40,4,0,0,0,1급지,미시행,평일+토요일+공휴일,00:00,00:00,00:00,00:00,00:00,00:00,무료,무료,무료,무료,무료,무료,무료,무료,,고객전용,서구청,2024-03-31
93,한국토지주택공사 광주전남지역본부 주차장,공영,부설,광주광역시 서구 시청로 91,광주광역시 서구 치평동 1210,288,2,0,0,2,1급지,미시행,평일+토요일+공휴일,00:00,00:00,00:00,00:00,00:00,00:00,무료,무료,무료,무료,무료,무료,무료,무료,,고객/직원전용,서구청,2024-03-31
94,광주학생교육문화회관주차장,공영,부설,광주광역시 서구 상무 민주로 61,광주광역시 서구 쌍촌동 1268,30,0,0,0,0,3급지,미시행,평일+토요일+공휴일,00:00,00:00,00:00,00:00,00:00,00:00,유료,30,1000,15,500,,20000,,현금,,서구청,2024-03-31
95,도시철도공사 주차장,공영,부설,광주광역시 서구 상무대로 760,광주광역시 서구 마륵동 165-27 ,288,0,0,0,0,1급지,미시행,평일+토요일+공휴일,00:00,00:00,00:00,00:00,00:00,00:00,유료,30,1000,30,1000,,20000,,현금,,서구청,2024-03-31
96,전남로컬푸드직매장 주차장,공영,부설,광주광역시 서구 화정로 312,광주광역시 서구 농성동 630-15,10,0,0,0,0,1급지,미시행,평일+토요일+공휴일,00:00,00:00,00:00,00:00,00:00,00:00,유료,30,2000,10,1000,,10000,70000,현금,,서구청,2024-03-31
97,대동고등학교주차장,공영,부설,광주광역시 서구 전평길 50,광주광역시 서구 매월동 521-4,24,0,0,0,0,1급지,미시행,평일,00:00,00:00,00:00,00:00,00:00,00:00,무료,무료,무료,무료,무료,무료,무료,무료,,"토,일 공휴일 개방",서구청,2024-03-31
98,상무1동원룸촌 주차장,공영,노외,광주광역시 서구 상무오월로 21,광주광역시 서구 쌍촌동 1287-1,27,0,0,0,0,3급지,미시행,평일+토요일+공휴일,00:00,00:00,00:00,00:00,00:00,00:00,무료,무료,무료,무료,무료,무료,무료,무료,,,서구청,2024-03-31
99,양동주민센터 주차장 ,공영,노외,광주광역시 서구 천변좌로 222번길 3-2,광주광역시 서구 양동 307-36,10,1,0,1,0,1급지,미시행,평일+토요일+공휴일,00:00,00:00,00:00,00:00,00:00,00:00,무료,무료,무료,무료,무료,무료,무료,무료,,,서구청,2024-03-31
100,상무 시민구역 주차장(B구역),공영,노외,광주광역시 서구 상무공원로 101 ,광주광역시 서구 치평동 1162,24,0,0,0,0,1급지,미시행,평일+토요일+공휴일,00:00,00:00,00:00,00:00,00:00,00:00,무료,무료,무료,무료,무료,무료,무료,무료,,,서구청,2024-03-31
101,5.18 교육관 주차장,공영,부설,광주광역시 서구 상무누리로 78,광주광역시 서구 치평동 1161-7,102,6,0,0,0,1급지,미시행,평일+토요일,09:00,18:00,09:00,18:00,휴무,휴무,무료,무료,무료,무료,무료,무료,무료,무료,,교육차량만 주차가능,서구청,2024-03-31
102,영산강자전거길 안내센터 주차장,공영,노외,광주광역시 서구 서창둑길 377,광주광역시 서구 벽진동 505-1,50,0,0,0,0,3급지,미시행,평일+토요일+공휴일,00:00,00:00,00:00,00:00,00:00,00:00,무료,무료,무료,무료,무료,무료,무료,무료,,,서구청,2024-03-31
103,금호2동 행정복지센터 주차장,공영,부설,광주광역시 서구 풍금로 135,광주광역시 서구 금호동 811-1,11,1,0,0,0,1급지,미시행,평일+토요일+공휴일,00:00,00:00,00:00,00:00,00:00,00:00,무료,무료,무료,무료,무료,무료,무료,무료,,,서구청,2024-03-31
104,상무2동 행정복지센터 주차장,공영,부설,광주광역시 서구 화정로85번길 17,광주광역시 서구 쌍촌동 1227-6,12,1,0,1,0,3급지,미시행,평일+토요일+공휴일,00:00,00:00,00:00,00:00,00:00,00:00,무료,무료,무료,무료,무료,무료,무료,무료,,,서구청,2024-03-31
105,화정4동 행정복지센터 주차장 ,공영,부설,광주광역시 서구 염화로83번길 3,광주광역시 서구 화정동 919-1,15,1,0,0,0,2급지,미시행,평일+토요일+공휴일,00:00,00:00,00:00,00:00,00:00,00:00,무료,무료,무료,무료,무료,무료,무료,무료,,,서구청,2024-03-31
106,상록도서관 주차장,공영,부설,광주광역시 서구 상무대로1171번길 11,광주광역시 서구 농성동 311-11,8,0,0,0,0,1급지,미시행,평일+토요일+공휴일,00:00,00:00,00:00,00:00,00:00,00:00,무료,무료,무료,무료,무료,무료,무료,무료,,,서구청,2024-03-31
107,서구노인종합복지관 주차장,공영,부설,광주광역시 서구 군분2로 55,광주광역시 서구 화정동 23-231,22,0,0,0,0,1급지,미시행,평일+토요일+공휴일,00:00,00:00,00:00,00:00,00:00,00:00,무료,무료,무료,무료,무료,무료,무료,무료,,,서구청,2024-03-31
108,서창동주거환경개선지구 공영주차장,공영,노외,광주광역시 서구 서창길 11-5,광주광역시 서구 서창동 555-1,15,0,0,0,0,3급지,미시행,평일+토요일+공휴일,00:00,00:00,00:00,00:00,00:00,00:00,무료,무료,무료,무료,무료,무료,무료,무료,,,서구청,2024-03-31
109,농성동주거환경개선지구 공영주차장,공영,노외,광주광역시 서구 월산로 224,광주광역시 서구 농성동 30-10,22,0,0,0,0,1급지,미시행,평일+토요일+공휴일,00:00,00:00,00:00,00:00,00:00,00:00,무료,무료,무료,무료,무료,무료,무료,무료,,,서구청,2024-03-31
110,양동복개상가 상부주차장 ,공영,노상,광주광역시 서구 천변좌로 224-1,광주광역시 서구 양동 441,85,0,0,0,0,1급지,미시행,평일+토요일+공휴일,09:00,18:30,09:00,18:30,09:00,18:30,유료,30,400,15,200,12시간,6400,70000,현금,,서구청,2024-03-31
111,양동산업용품 공영주차장 ,공영,노외,광주광역시 서구 양동 119-1,광주광역시 서구 양동 119-1,44,0,0,0,0,1급지,미시행,평일+토요일+공휴일,00:00,00:00,00:00,00:00,00:00,00:00,유료,30,400,15,200,12시간,6400,70000,현금,,서구청,2024-03-31
112,양동닭전시장 공영주차장,공영,부설,광주광역시 서구 양동시장2길 32,광주광역시 서구 양동 5-31,82,0,0,0,0,1급지,미시행,평일+토요일+공휴일,09:00,18:30,09:00,18:30,09:00,18:30,유료,30,400,15,200,12시간,6400,70000,현금,,서구청,2024-03-31
113,풍암호수공원 주차장,공영,노외,광주광역시 서구 회재로 973,광주광역시 서구 풍암동 491-5,182,8,0,1,0,1급지,미시행,평일+토요일+공휴일,00:00,00:00,00:00,00:00,00:00,00:00,무료,무료,무료,무료,무료,무료,무료,무료,,,서구청,2024-03-31
114,서구어린이생태학습도서관 주차장 ,공영,부설,광주광역시 서구 풍암공원로 8,광주광역시 서구 풍암동 산14-50,50,3,0,0,0,1급지,미시행,평일+토요일+공휴일,00:00,00:00,00:00,00:00,00:00,00:00,무료,무료,무료,무료,무료,무료,무료,무료,,,서구청,2024-03-31
115,화정3동 공영주차장,공영,부설,광주광역시 서구 월드컵4강로68번길 21,광주광역시 서구 화정동 818-8,23,0,0,0,0,1급지,미시행,평일+토요일+공휴일,00:00,00:00,00:00,00:00,00:00,00:00,무료,무료,무료,무료,무료,무료,무료,무료,,,서구청,2024-03-31
116,서구국민체육센터 주차장,공영,부설,광주광역시 서구 풍암공원로 20,광주광역시 서구 풍암동 396-19,48,0,0,0,0,1급지,미시행,평일+토요일+공휴일,00:00,00:00,00:00,00:00,00:00,00:00,무료,무료,무료,무료,무료,무료,무료,무료,,,서구청,2024-03-31
117,상무1동 행정복지센터 주차장 ,공영,부설,광주광역시 서구 월드컵4강로197번길 20,광주광역시 서구 쌍촌동 333-7,17,1,0,1,0,3급지,미시행,평일+토요일+공휴일,00:00,00:00,00:00,00:00,00:00,00:00,무료,무료,무료,무료,무료,무료,무료,무료,,,서구청,2024-03-31
118,유덕동공용주차장,공영,부설,광주광역시 서구 유덕로 24,광주광역시 서구 유촌동 497-1,40,0,0,0,0,3급지,미시행,평일+토요일+공휴일,09:00,18:00,09:00,18:00,09:00,18:00,무료,무료,무료,무료,무료,무료,무료,무료,,,서구청,2024-03-31
119,농성1동 공용주차장,공영,부설,광주광역시 서구 상무대로1189번길 23,광주광역시 서구 농성동 329-1,28,1,0,1,0,1급지,미시행,평일+토요일+공휴일,00:00,00:00,00:00,00:00,00:00,00:00,무료,무료,무료,무료,무료,무료,무료,무료,,,서구청,2024-03-31
120,고운하이플러스 공영주차장,공영,노외,광주광역시 서구 화운로99번길 19,광주광역시 서구 화정동 1705,30,0,0,0,0,1급지,미시행,평일+토요일+공휴일,00:00,00:00,00:00,00:00,00:00,00:00,무료,무료,무료,무료,무료,무료,무료,무료,,,서구청,2024-03-31
121,향토문화마을 주차장,공영,노외,광주광역시 서구 세동1길 29-1,광주광역시 서구 세하동 682-5,19,0,0,0,0,3급지,미시행,평일+토요일+공휴일,00:00,00:00,00:00,00:00,00:00,00:00,무료,무료,무료,무료,무료,무료,무료,무료,,,서구청,2024-03-31
122,광주학생교육문화회관 주차장,공영,부설,광주광역시 서구 쌍촌동 1268,광주광역시 서구 쌍촌동 1268,80,3,0,0,0,3급지,미시행,평일+토요일+공휴일,00:00,00:00,00:00,00:00,00:00,00:00,무료,무료,무료,무료,무료,무료,무료,무료,,,서구청,2024-03-31
123,광주환경공단 주차장(상무사업소),공영,부설,광주광역시 서구 내방로 2 광주환경공단주차장(상무사업소),광주광역시 서구 치평동 1163 광주환경공단주차장(상무사업소),45,0,0,0,0,1급지,미시행,월~토,09:00,18:00,09:00,18:00,00:00,00:00,무료,무료,무료,무료,무료,무료,무료,무료,,시설이용금지,서구청,2024-03-31
124,동천동 행정복지센터 주차장,공영,부설,광주광역시 서구 유림로98번길 8,광주광역시 서구 동천동 611,14,0,0,0,0,2급지,미시행,평일+토요일+공휴일,00:00,00:00,00:00,00:00,00:00,00:00,무료,무료,무료,무료,무료,무료,무료,무료,,"월~금 18~익일 8시/주말, 공휴일 상시개방",서구청,2024-03-31
125,풍암동 행정복지센터 주차장,공영,부설,광주광역시 서구 풍암1로 27,광주광역시 서구 풍암동 1125,7,1,0,0,0,1급지,미시행,평일+토요일+공휴일,00:00,00:00,00:00,00:00,00:00,00:00,무료,무료,무료,무료,무료,무료,무료,무료,,"월~금 18~익일 8시/주말, 공휴일 상시개방",서구청,2024-03-31
126,유덕동주민센터 주차장,공영,부설,광주광역시 서구 유덕로 24,광주광역시 서구 유촌동 497-1,26,1,0,1,0,3급지,미시행,평일+토요일+공휴일,00:00,00:00,00:00,00:00,00:00,00:00,무료,무료,무료,무료,무료,무료,무료,무료,,"월~금 18~익일 8시/주말, 공휴일 상시개방",서구청,2024-03-31
127,양동 현장민원실 주차장,공영,부설,광주광역시 서구 독립로200번길 7,광주광역시 서구 양동 96-4,12,0,0,0,0,1급지,미시행,평일+토요일+공휴일,00:00,00:00,00:00,00:00,00:00,00:00,무료,무료,무료,무료,무료,무료,무료,무료,,"월~금 18~익일 8시/주말, 공휴일 상시개방",서구청,2024-03-31
128,5.18기념문화관 주차장,공영,부설,광주광역시 서구 쌍촌동 1268,광주광역시 서구 쌍촌동 1268,95,3,0,0,0,3급지,미시행,평일+토요일+공휴일,00:00,00:00,00:00,00:00,00:00,00:00,무료,무료,무료,무료,무료,무료,무료,무료,,,서구청,2024-03-31
129,양동 주민센터 주차장 ,공영,부설,광주광역시 서구 천변좌로222번길 3-2,광주광역시 서구 양동 307-36,10,0,0,0,0,1급지,미시행,평일+토요일+공휴일,00:00,00:00,00:00,00:00,00:00,00:00,무료,무료,무료,무료,무료,무료,무료,무료,,"월~금 18~익일 8시/주말, 공휴일 상시개방",서구청,2024-03-31
130,치평동 주민센터 주차장,공영,부설,광주광역시 서구 상무공원로 62 치평동주민센터,광주광역시 서구 치평동 1171-11,6,0,0,0,0,1급지,미시행,평일+토요일+공휴일,00:00,00:00,00:00,00:00,00:00,00:00,무료,무료,무료,무료,무료,무료,무료,무료,,월~금 18~/주말 상시개방,서구청,2024-03-31
131,양3동 주민센터 주차장,공영,부설,광주광역시 서구 상무대로1223번길 16,광주광역시 서구 양동 408-4,10,1,0,1,0,1급지,미시행,평일+토요일+공휴일,00:00,00:00,00:00,00:00,00:00,00:00,무료,무료,무료,무료,무료,무료,무료,무료,,,서구청,2024-03-31
132,서구장애인복지관 주차장,공영,부설,광주광역시 서구 경열로 127,광주광역시 서구 양동 288-6,28,1,0,0,0,1급지,미시행,평일+토요일+공휴일,00:00,00:00,00:00,00:00,00:00,00:00,무료,무료,무료,무료,무료,무료,무료,무료,,,서구청,2024-03-31
133,농성동주거환경개선지구 공영주차장,공영,노외,광주광역시 서구 월산로 224,광주광역시 서구 농성동 30-10,7,0,0,0,0,1급지,미시행,평일+토요일+공휴일,00:00,00:00,00:00,00:00,00:00,00:00,무료,무료,무료,무료,무료,무료,무료,무료,,,서구청,2024-03-31
134,유덕동주거환경개선지구 공영주차장,공영,노외,광주광역시 서구 유촌동 유덕로28번길 18,광주광역시 서구 유촌동 148,7,1,0,0,0,3급지,미시행,평일+토요일+공휴일,00:00,00:00,00:00,00:00,00:00,00:00,무료,무료,무료,무료,무료,무료,무료,무료,,,서구청,2024-03-31
135,서창동 주민센터 주차장,공영,부설,광주광역시 서구 눌재로 412 서창동주민센터,광주광역시 서구 세하동 553-1 서창동주민센터,9,0,0,0,0,3급지,미시행,평일+토요일+공휴일,00:00,00:00,00:00,00:00,00:00,00:00,무료,무료,무료,무료,무료,무료,무료,무료,,"월~금 18~익일 8시/주말, 공휴일 상시개방",서구청,2024-03-31
136,화정3동 주민자치센터 주차장,공영,부설,광주광역시 서구 월드컵4강로68번길 21,광주광역시 서구 화정동 818-8,16,1,0,0,0,1급지,미시행,평일+토요일+공휴일,00:00,00:00,00:00,00:00,00:00,00:00,무료,무료,무료,무료,무료,무료,무료,무료,,"월~금 18~익일 8시/주말, 공휴일 상시개방",서구청,2024-03-31
137,광천동 주민센터 주차장,공영,부설,광주광역시 서구 광천2길 9,광주광역시 서구 광천동 206-14,21,1,0,0,0,1급지,미시행,평일+토요일+공휴일,00:00,00:00,00:00,00:00,00:00,00:00,무료,무료,무료,무료,무료,무료,무료,무료,,"월~금 18~익일 8시/주말, 공휴일 상시개방",서구청,2024-03-31
138,상무시민공원주차장,공영,노외,광주광역시 서구 상무공원로 101 5.18시민공원,광주광역시 서구 치평동 1162 5.18시민공원,250,6,0,0,0,1급지,미시행,평일+토요일+공휴일,00:00,00:00,00:00,00:00,00:00,00:00,무료,무료,무료,무료,무료,무료,무료,무료,,,서구청,2024-03-31
139,농성2동 주민센터 주차장,공영,부설,광주광역시 서구 농성동 630-11,광주광역시 서구 농성동 630-11,20,1,0,1,0,1급지,미시행,평일+토요일+공휴일,00:00,00:00,00:00,00:00,00:00,00:00,무료,무료,무료,무료,무료,무료,무료,무료,,"월~금 18~익일 8시/주말, 공휴일 상시개방",서구청,2024-03-31
140,풍암생활체육공원 주차장,공영,노외,광주광역시 서구 회재로 1111,광주광역시 서구 풍암동 32-26,65,0,0,0,0,1급지,미시행,평일+토요일+공휴일,00:00,00:00,00:00,00:00,00:00,00:00,무료,무료,무료,무료,무료,무료,무료,무료,,,서구청,2024-03-31
141,화정1동 주민센터 주차장 ,공영,부설,광주광역시 서구 내방로338번길 11,광주광역시 서구 화정동 71-81,11,1,0,0,0,1급지,미시행,평일+토요일+공휴일,00:00,00:00,00:00,00:00,00:00,00:00,무료,무료,무료,무료,무료,무료,무료,무료,,"월~금: 18시~익일8시/주말, 공휴일 상시개방",서구청,2024-03-31
142,금호1동 행정복지센터 주차장,공영,부설,광주광역시 서구 운천로31번길 17,광주광역시 서구 금호동 747-8,20,1,0,0,0,1급지,미시행,평일+토요일+공휴일,00:00,00:00,00:00,00:00,00:00,00:00,무료,무료,무료,무료,무료,무료,무료,무료,,"월~금: 18시~익일8시/주말, 공휴일 상시개방",서구청,2024-03-31
143,염주종합체육관 주차장,공영,부설,광주광역시 서구 금화로 278,광주광역시 서구 풍암동 423-2,214,0,0,0,0,1급지,미시행,평일+토요일+공휴일,06:00,22:00,06:00,22:00,06:00,22:00,무료,무료,무료,무료,무료,무료,무료,무료,,,서구청,2024-03-31
144,전천후테니스장 주차장,공영,부설,광주광역시 서구 금화로 278,광주광역시 서구 풍암동 423-2,30,0,0,0,0,1급지,미시행,평일+토요일+공휴일,00:00,00:00,00:00,00:00,00:00,00:00,무료,무료,무료,무료,무료,무료,무료,무료,,,서구청,2024-03-31
145,빛고을체육관 주차장,공영,부설,광주광역시 서구 금화로 278,광주광역시 서구 풍암동 423-2,42,0,0,0,0,1급지,미시행,평일+토요일+공휴일,00:00,00:00,00:00,00:00,00:00,00:00,무료,무료,무료,무료,무료,무료,무료,무료,,,서구청,2024-03-31
146,보건환경 연구원 주차장,공영,부설,광주광역시 서구 화정로 149 광주광역시보건환경연구원,광주광역시 서구 화정동 898 광주광역시보건환경연구원,56,2,0,1,0,1급지,미시행,평일+토요일+공휴일,00:00,00:00,00:00,00:00,00:00,00:00,무료,무료,무료,무료,무료,무료,무료,무료,,,서구청,2024-03-31
147,전라남도 농수산물 직판장 주차장,공영,부설,광주광역시 서구 화정로 312,광주광역시 서구 농성동 630-15,20,0,0,0,0,1급지,미시행,평일+토요일+공휴일,08:00,23:00,08:00,23:00,08:00,23:00,무료,무료,무료,무료,무료,무료,무료,무료,,,서구청,2024-03-31
148,서구 문화센터 주차장 ,공영,부설,광주광역시 서구 마재로 3,광주광역시 서구 금호동 789,50,0,0,0,0,1급지,미시행,평일+토요일+공휴일,00:00,00:00,00:00,00:00,00:00,00:00,무료,무료,무료,무료,무료,무료,무료,무료,,,서구청,2024-03-31
149,화정2동 주민센터 주차장,공영,부설,광주광역시 서구 화정동 화운로 94,광주광역시 서구 화정동 1611,27,1,0,0,0,1급지,미시행,평일+토요일+공휴일,00:00,00:00,00:00,00:00,00:00,00:00,무료,무료,무료,무료,무료,무료,무료,무료,,,서구청,2024-03-31
150,금호동 공영주차장,공영,노외,광주광역시 서구 금호동 금화로73번길 2,광주광역시 서구 금호동 764,50,0,0,0,0,1급지,미시행,평일+토요일+공휴일,00:00,00:00,00:00,00:00,00:00,00:00,무료,무료,무료,무료,무료,무료,무료,무료,,,서구청,2024-03-31
151,양동공영주차장,공영,노외,광주광역시 서구 독립로194번길 2-1,광주광역시 서구 양동 80-1,8,0,0,0,0,1급지,미시행,평일+토요일+공휴일,00:00,00:00,00:00,00:00,00:00,00:00,무료,무료,무료,무료,무료,무료,무료,무료,,,서구청,2024-03-31
152,계수마을 공영주차장,공영,노외,광주광역시 서구 상무민주로123번길 9-5,광주광역시 서구 쌍촌동 1328-9,16,0,0,0,0,3급지,미시행,평일+토요일+공휴일,00:00,00:00,00:00,00:00,00:00,00:00,무료,무료,무료,무료,무료,무료,무료,무료,,,서구청,2024-03-31
153,영화아파트 앞 공영주차장,공영,노외,광주광역시 서구 화운로 203,광주광역시 서구 화정동 100,17,0,0,0,0,1급지,미시행,평일+토요일+공휴일,00:00,00:00,00:00,00:00,00:00,00:00,무료,무료,무료,무료,무료,무료,무료,무료,,표지판 없음,서구청,2024-03-31
154,치평동 공영주차장,공영,부설,광주광역시 서구 상무화원로 31,광주광역시 서구 치평동 1308-1,40,4,0,0,0,1급지,미시행,평일+토요일+공휴일,09:00,22:00,09:00,22:00,09:00,22:00,유료,30,400,15,200,12시간,6400,70000,현금,,서구청,2024-03-31
155,광주광역시 일가정양립지원본부 주차장,공영,부설,광주광역시 서구 상무자유로 73 광주여성발전센터,광주광역시 서구 치평동 1162,60,2,0,1,0,1급지,미시행,평일+토요일+공휴일,00:00,00:00,00:00,00:00,00:00,00:00,무료,무료,무료,무료,무료,무료,무료,무료,,,서구청,2024-03-31
156,5.18자유공원 주차장 ,공영,부설,광주광역시 서구 상무평화로 13,광주광역시 서구 치평동 1161-6,56,4,0,0,0,1급지,미시행,평일+토요일+공휴일,00:00,00:00,00:00,00:00,00:00,00:00,무료,무료,무료,무료,무료,무료,무료,무료,,,서구청,2024-03-31
157,김대중컨벤션센터 주차장,공영,부설,광주광역시 서구 상무누리로 30,광주광역시 서구 치평동 1159-2,"1,502",65,0,0,0,1급지,미시행,평일+토요일+공휴일,00:00,00:00,00:00,00:00,00:00,00:00,유료,30,700,30,700,12시간,8000,88000,현금+신용카드,,서구청,2024-03-31
158,광주도시철도공사 주차장(본사),공영,부설,광주광역시 서구 상무대로 760,광주광역시 서구 마륵동 165-27,286,0,0,0,0,1급지,미시행,평일+토요일+공휴일,00:00,00:00,00:00,00:00,00:00,00:00,무료,무료,무료,무료,무료,무료,무료,무료,,"월~금 7~21/주말, 공휴일 상시개방",서구청,2024-03-31
159,광주광역시 서구청 민원인주차장,공영,부설,광주광역시 서구 경열로 33,광주광역시 서구 농성동 299 ,207,0,0,0,0,1급지,미시행,평일+토요일+공휴일,00:00,00:00,00:00,00:00,00:00,00:00,무료,무료,무료,무료,무료,무료,무료,무료,,"월~금 18~익일 8시/주말, 공휴일 상시개방",서구청,2024-03-31
160,월드컵경기장 주차장,공영,부설,광주광역시 서구 금화로 240,광주광역시 서구 금화로 240,"2,127",50,0,0,0,2급지,미시행,평일+토요일+공휴일,00:00,00:00,00:00,00:00,00:00,00:00,무료,무료,무료,무료,무료,무료,무료,무료,,,서구청,2024-03-31
161,서부시장 공영주차장,공영,노외,광주광역시 서구 화정동 상무대로 1050,광주광역시 서구 화정동 779-1,39,2,0,1,0,1급지,미시행,평일+토요일+공휴일,00:00,00:00,00:00,00:00,00:00,00:00,유료,,,,,,,,현금,,서구청,2024-03-31
162,서동공영주차장,공영,노외,광주광역시 남구 서동로2번길 7,광주광역시 남구 서동 66-9(사직동),8,1,0,0,0,3급지,미시행,평일+토요일+공휴일,00:00,00:00,00:00,00:00,00:00,00:00,무료,무료,무료,무료,무료,무료,무료,무료,,,남구청,2024-03-31
163,월산4동공영주차장,공영,노외,광주광역시 남구 월산동 대남대로390번길 10,광주광역시 남구 월산동 948-14 (월산4동),15,1,0,1,1,3급지,미시행,평일+토요일+공휴일,00:00,00:00,00:00,00:00,00:00,00:00,무료,무료,무료,무료,무료,무료,무료,무료,,,남구청,2024-03-31
164,방림2동공영주차장,공영,노외,,광주광역시 남구 방림동 2-53 (방림2동),17,1,1,0,0,1급지,미시행,평일+토요일+공휴일,00:00,00:00,00:00,00:00,00:00,00:00,무료,무료,무료,무료,무료,무료,무료,무료,,,남구청,2024-03-31
165,양림동공영주차장,공영,노외,광주광역시 남구 서서평길 20,광주광역시 남구 양림동 151-2(양림동),9,1,0,0,0,1급지,미시행,평일+토요일+공휴일,00:00,00:00,00:00,00:00,00:00,00:00,무료,무료,무료,무료,무료,무료,무료,무료,,,남구청,2024-03-31
166,주월동공영주차장,공영,노외,,광주광역시 남구 주월동 974-145 (주월2동),58,2,0,2,2,1급지,미시행,평일+토요일+공휴일,00:00,00:00,00:00,00:00,00:00,00:00,무료,무료,무료,무료,무료,무료,무료,무료,,,남구청,2024-03-31
167,압촌동공영주차장,공영,노외,,광주광역시 남구 압촌동 90-7(압촌동),19,0,0,0,0,4급지,미시행,평일+토요일+공휴일,00:00,00:00,00:00,00:00,00:00,00:00,무료,무료,무료,무료,무료,무료,무료,무료,,,남구청,2024-03-31
168,(구)양림동주민센터,공영,노외,광주광역시 남구 양림동 3·1만세운동길 6,광주광역시 남구 양림동 93-33 (양림동),7,0,0,0,0,1급지,미시행,평일+토요일+공휴일,00:00,00:00,00:00,00:00,00:00,00:00,무료,무료,무료,무료,무료,무료,무료,무료,,,남구청,2024-03-31
169,백운2동 공영주차장,공영,노외,,광주광역시 남구 백운동 621-19(백운2동),8,1,1,0,1,1급지,미시행,평일+토요일+공휴일,00:00,00:00,00:00,00:00,00:00,00:00,무료,무료,무료,무료,무료,무료,무료,무료,,,남구청,2024-03-31
170,수박등로공영주차장,공영,노외,광주광역시 남구 대남대로308번길 32,광주광역시 남구 월산동614-4번지 (월산5동),20,1,0,1,0,3급지,미시행,평일+토요일+공휴일,00:00,00:00,00:00,00:00,00:00,00:00,무료,무료,무료,무료,무료,무료,무료,무료,,,남구청,2024-03-31
171,(구)보훈병원주차장,공영,노외,광주광역시 남구 서문대로824번길 10,광주광역시 남구 주월동 1156-10,113,4,2,3,0,1급지,미시행,평일+토요일+공휴일,00:00,00:00,00:00,00:00,00:00,00:00,무료,무료,무료,무료,무료,무료,무료,무료,,,남구청,2024-03-31
172,부엉이주차장,공영,노외,,광주광역시 남구 주월동486-9(주월1동),11,0,0,0,0,1급지,미시행,평일+토요일+공휴일,00:00,00:00,00:00,00:00,00:00,00:00,무료,무료,무료,무료,무료,무료,무료,무료,,,남구청,2024-03-31
173,봉선1동공영주차장,공영,노외,광주광역시 남구 봉선중앙로123번길 21,광주광역시 남구 봉선동 1118-2(봉선1동),36,1,0,2,0,1급지,미시행,평일+토요일+공휴일,00:00,00:00,00:00,00:00,00:00,00:00,무료,무료,무료,무료,무료,무료,무료,무료,,,남구청,2024-03-31
174,월산동공영주차장,공영,노외,,광주광역시 남구 월산동 187-11(월산동),6,1,0,0,0,3급지,미시행,평일+토요일+공휴일,00:00,00:00,00:00,00:00,00:00,00:00,무료,무료,무료,무료,무료,무료,무료,무료,,,남구청,2024-03-31
175,백운1동공영주차장,공영,노외,,광주광역시 남구 백운동 604-33(백운동),28,1,0,1,0,1급지,미시행,평일+토요일+공휴일,00:00,00:00,00:00,00:00,00:00,00:00,무료,무료,무료,무료,무료,무료,무료,무료,,,남구청,2024-03-31
176,광주향교공영주차장,공영,노외,,광주광역시 남구 서동 154 외  (사직동),20,0,0,0,0,3급지,미시행,평일+토요일+공휴일,00:00,00:00,00:00,00:00,00:00,00:00,무료,무료,무료,무료,무료,무료,무료,무료,,,남구청,2024-03-31
177,광주공원앞공영주차장,공영,노외,,광주광역시 남구 구동 2-2 (사직동),48,2,2,0,0,3급지,미시행,평일+토요일+공휴일,00:00,00:00,00:00,00:00,00:00,00:00,무료,무료,무료,무료,무료,무료,무료,무료,,,남구청,2024-03-31
178,효덕IC공영주차장,공영,노외,광주광역시 남구 서문대로 551,광주광역시 남구 송하동 29-2 (송하동),109,6,3,0,0,3급지,미시행,평일+토요일+공휴일,00:00,00:00,00:00,00:00,00:00,00:00,유료,30,300,15,150,24시간,3900,77000,,,남구청,2024-03-31
179,효덕동 주민센터 주차장,공영,노외,광주광역시 남구 화산로 15,광주광역시 남구 진월동 500-1 효덕동주민센터,13,1,1,0,0,1급지,미시행,평일+토요일+공휴일,00:00,00:00,00:00,00:00,00:00,00:00,무료,무료,무료,무료,무료,무료,무료,무료,,,남구청,2024-03-31
180,주월1동 주민센터 주차장,공영,노외,광주광역시 남구 회서로 21번길 13,광주광역시 남구 주월동 493-13,13,0,0,0,1,1급지,미시행,평일+토요일+공휴일,00:00,00:00,00:00,00:00,00:00,00:00,무료,무료,무료,무료,무료,무료,무료,무료,,,남구청,2024-03-31
181,빛고을cc 주차장,공영,부설,광주광역시 남구 효우로 153,광주광역시 남구 노대동 558-3,120,0,0,0,0,3급지,미시행,평일+토요일+공휴일,09:00,22:00,09:00,22:00,09:00,22:00,무료,무료,무료,무료,무료,무료,무료,무료,,,남구청,2024-03-31
182,남구청소년도서관 주차장,공영,부설,광주광역시 남구 제석로 100,광주광역시 남구 봉선동 510-1,25,1,1,0,0,1급지,미시행,월~금,09:00,22:00,00:00,00:00,00:00,00:00,무료,무료,무료,무료,무료,무료,무료,무료,,,남구청,2024-03-31
183,고싸움 테마공원 주차장,공영,부설,광주광역시 남구 고싸움로 2,광주광역시 남구 칠석동 619-1 고싸움,30,0,0,0,0,4급지,미시행,평일+토요일+공휴일,00:00,00:00,00:00,00:00,00:00,00:00,무료,무료,무료,무료,무료,무료,무료,무료,,,남구청,2024-03-31
184,사직동 행정복지센터 주차장,공영,부설,광주광역시 남구 서동 147-11,광주광역시 남구 중앙로95번길 14 사직동주민센터,23,1,1,2,0,2급지,미시행,공휴일,00:00,00:00,00:00,00:00,00:00,00:00,무료,무료,무료,무료,무료,무료,무료,무료,,공휴일만 개방,남구청,2024-03-31
185,푸른길 도서관 주차장,공영,부설,광주광역시 남구 금당로 140,광주광역시 남구 주월동 439-1,14,1,1,0,0,1급지,미시행,평일+토요일+공휴일,00:00,00:00,00:00,00:00,00:00,00:00,무료,무료,무료,무료,무료,무료,무료,무료,,,남구청,2024-03-31
186,사직도서관 주차장,공영,부설,광주광역시 남구 제중로 56,광주광역시 남구 양림동 108-8,17,1,1,0,0,1급지,미시행,평일+토요일+공휴일,00:00,00:00,00:00,00:00,00:00,00:00,무료,무료,무료,무료,무료,무료,무료,무료,,,남구청,2024-03-31
187,대촌동주민센터 주차장,공영,부설,광주광역시 남구 포충로 591 대촌동주민센터,광주광역시 남구 지석동 212-1 대촌동주민센터,13,2,1,0,0,3급지,미시행,평일+토요일+공휴일,00:00,00:00,00:00,00:00,00:00,00:00,무료,무료,무료,무료,무료,무료,무료,무료,,,남구청,2024-03-31
188,송암동주민센터 주차장,공영,부설,광주광역시 남구 송암로 66,광주광역시 남구 송하동 373,94,3,1,2,0,3급지,미시행,평일+토요일+공휴일,00:00,00:00,00:00,00:00,00:00,00:00,무료,무료,무료,무료,무료,무료,무료,무료,,,남구청,2024-03-31
189,유안근린공원공영주차장,공영,노외,광주광역시 남구 봉선로 195,광주광역시 남구 봉선동 134,101,5,3,2,0,1급지,미시행,평일+토요일+공휴일,00:00,00:00,00:00,00:00,00:00,00:00,무료,무료,무료,무료,무료,무료,무료,무료,,,남구청,2024-03-31
190,진월 로컬푸드 주차장,공영,부설,광주광역시 남구 화산로 32,광주광역시 남구 진월동 499-3,30,2,0,0,0,3급지,미시행,평일+토요일+공휴일,00:00,00:00,00:00,00:00,00:00,00:00,무료,무료,무료,무료,무료,무료,무료,무료,,,남구청,2024-03-31
191,남구 청소년수련관 주차장,공영,부설,광주광역시 남구 봉선로 208,광주광역시 남구 봉선동 1068 종합문화예술회관,32,2,1,1,0,1급지,미시행,평일+토요일+공휴일,07:00,23:00,07:00,23:00,07:00,23:00,무료,무료,무료,무료,무료,무료,무료,무료,,,남구청,2024-03-31
192,빛고을시민문화관 주차장,공영,부설,광주광역시 남구 천변좌로338번길 7,광주광역시 남구 구동 12 서오층석탑,110,6,3,0,0,3급지,미시행,평일+토요일+공휴일,08:00,22:00,08:00,22:00,08:00,22:00,무료,무료,무료,무료,무료,무료,무료,무료,,"토,일개방",남구청,2024-03-31
193,빛고을노인건강타운 주차장,공영,부설,광주광역시 남구 덕남길 7,광주광역시 남구 노대동 592,350,0,0,0,0,3급지,미시행,평일,08:00,22:00,08:00,22:00,08:00,22:00,무료,무료,무료,무료,무료,무료,무료,무료,,,남구청,2024-03-31
194,문화정보도서관 주차장,공영,부설,광주광역시 남구 봉선로 208 종합문화예술회관,광주광역시 남구 봉선2동 1068 종합문화예술회관,32,0,0,0,1,1급지,미시행,평일+토요일+공휴일,07:00,23:00,07:00,23:00,07:00,23:00,무료,무료,무료,무료,무료,무료,무료,무료,,,남구청,2024-03-31
195,봉선시장 주차장,공영,노외,광주광역시 남구 봉선동 997-9,광주광역시 남구 봉선중앙로91번길 7 두루축산물유통센타,105,4,1,6,0,1급지,미시행,평일+토요일+공휴일,00:00,00:00,00:00,00:00,00:00,00:00,유료,30,300,15,300,12시간,7000,70000,현금,,남구청,2024-03-31
196,무등시장 공영주차장,공영,노외,광주 남구 군분로33번길 5,광주광역시 남구 주월동 974-83,42,0,0,0,0,1급지,미시행,평일+토요일+공휴일,09:00,18:00,00:00,00:00,00:00,00:00,유료,30,300,15,300,12시간,7000,70000,현금,"평일 18:00 이후, 주말, 공휴일은 무료개방",남구청,2024-03-31
197,진월동 공영주차장,공영,노외,,광주광역시 남구 진월동 330-1,61,3,1,1,0,1급지,미시행,평일+토요일+공휴일,00:00,00:00,00:00,00:00,00:00,00:00,유료,60,300,15,150,24시간,3900,40000,현금,,남구청,2024-03-31
198,백운동 공영주차장,공영,노외,,광주광역시 남구 백운동 33-27,12,1,0,1,0,2급지,미시행,평일+토요일+공휴일,00:00,00:00,00:00,00:00,00:00,00:00,무료,무료,무료,무료,무료,무료,무료,무료,,,남구청,2024-03-31
199,방림동 공영주차장,공영,노외,,광주광역시 남구 방림동 71-7,13,1,0,0,0,3급지,미시행,평일+토요일+공휴일,00:00,00:00,00:00,00:00,00:00,00:00,무료,무료,무료,무료,무료,무료,무료,무료,,,남구청,2024-03-31
200,월산5동 공영주차장,공영,노외,,광주광역시 남구 월산5동 1033-36,23,1,0,1,0,3급지,미시행,평일+토요일+공휴일,00:00,00:00,00:00,00:00,00:00,00:00,무료,무료,무료,무료,무료,무료,무료,무료,,,남구청,2024-03-31
201,방림한국 공영주차장,공영,노외,광주광역시 남구 봉선중길 43,,12,2,0,1,0,1급지,미시행,평일+토요일+공휴일,00:00,00:00,00:00,00:00,00:00,00:00,무료,무료,무료,무료,무료,무료,무료,무료,,,남구청,2024-03-31
202,양림역사문화마을 제1공영주차장,공영,노외,광주광역시 남구 양림동 서서평길 7,광주광역시 남구 양림동 202-2,184,6,3,4,0,1급지,미시행,평일+토요일+공휴일,00:00,00:00,00:00,00:00,00:00,00:00,유료,120,500,10,500,24시간,12000,130000,현금,,남구청,2024-03-31
203,용봉천 복개지 공영주차장,공영,노상,광주광역시 북구 호동로12(중흥동),광주광역시 북구 중흥동 2,75,4,2,0,0,2급지,미시행,평일+토요일+공휴일,08:00,22:00,08:00,22:00,08:00,22:00,유료,30,400,15,200,시간제 주차요금이 1일주차요금을 초과할 경우,6400,-,현금+신용카드,,북구청 ,2024-03-31
204,광주역관사 앞 공영주차장,공영,노상,광주광역시 북구 독립로367번길87(중흥동),광주광역시 북구 중흥동 740-4,45,2,1,0,0,1급지,미시행,평일+토요일+공휴일,08:00,22:00,08:00,22:00,08:00,22:00,유료,30,700,15,350,시간제 주차요금이 1일주차요금을 초과할 경우,8000,-,현금+신용카드,,북구청 ,2024-03-31
205,동운고가밑 공영주차장,공영,노상,광주광역시 북구 운암동 북문대로 1,광주광역시 북구 운암동 99,62,3,3,0,0,1급지,미시행,평일+토요일+공휴일,08:00,22:00,08:00,22:00,08:00,22:00,유료,30,700,15,350,시간제 주차요금이 1일주차요금을 초과할 경우,8000,-,현금+신용카드,,북구청 ,2024-03-31
206,국제도덕협회 앞 공영주차장,공영,노상,광주광역시 북구 금남로 98,광주광역시 북구 누문동 300,18,1,1,0,0,1급지,미시행,평일+토요일+공휴일,08:00,22:00,08:00,22:00,08:00,22:00,유료,30,700,15,350,시간제 주차요금이 1일주차요금을 초과할 경우,8000,-,현금+신용카드,,북구청 ,2024-03-31
207,광주역 경양천 공영주차장,공영,노상,광주광역시 북구 신안동 자미로6번길 27,광주광역시 북구 신안동 159,82,4,2,0,0,1급지,미시행,평일+토요일+공휴일,08:00,22:00,08:00,22:00,08:00,22:00,유료,30,700,15,350,시간제 주차요금이 1일주차요금을 초과할 경우,8000,-,현금+신용카드,,북구청 ,2024-03-31
208,문흥2동 주민센터  앞 공영주차장,공영,노외,광주광역시 북구 문산로 25,광주광역시 북구 문흥동 1010-4,49,4,2,0,0,2급지,미시행,평일+토요일+공휴일,00:00,00:00,00:00,00:00,00:00,00:00,유료,30,400,15,200,시간제 주차요금이 1일주차요금을 초과할 경우,6400,126000,신용카드,,북구청 ,2024-03-31
209,신안동 공영주자창,공영,노외,광주광역시 북구 중흥로91번길 14,광주광역시 북구 신안동 120-2,19,0,1,0,0,1급지,미시행,평일+토요일+공휴일,00:00,00:00,00:00,00:00,00:00,00:00,유료,30,700,15,350,시간제 주차요금이 1일주차요금을 초과할 경우,8000,158000,현금+신용카드,,북구청 ,2024-03-31
210,중흥1동쌈지주차장,공영,노외,광주광역시 북구 중가로85번길 35-1,광주광역시 북구 중흥동 715-1,17,1,2,0,0,2급지,미시행,평일+토요일+공휴일,00:00,00:00,00:00,00:00,00:00,00:00,무료,무료,무료,무료,무료,무료,무료,무료,,,북구청 ,2024-03-31
211,중흥3동쌈지주차장(1),공영,노외,광주광역시 북구 서암대로289번길 21-2,광주광역시 북구 중흥동 802-13,10,1,1,0,0,3급지,미시행,평일+토요일+공휴일,00:00,00:00,00:00,00:00,00:00,00:00,무료,무료,무료,무료,무료,무료,무료,무료,,,북구청 ,2024-03-31
212,중흥3동쌈지주차장(2),공영,노외,광주광역시 북구 향토문화로 14,광주광역시 북구 중흥동 523,9,0,1,0,0,3급지,미시행,평일+토요일+공휴일,00:00,00:00,00:00,00:00,00:00,00:00,무료,무료,무료,무료,무료,무료,무료,무료,,,북구청 ,2024-03-31
213,중앙동 쌈지주차장,공영,노외,광주광역시 북구 유동 중가로51번길 29,광주광역시 북구 유동 103-4,8,0,1,0,0,1급지,미시행,평일+토요일+공휴일,00:00,00:00,00:00,00:00,00:00,00:00,무료,무료,무료,무료,무료,무료,무료,무료,,,북구청 ,2024-03-31
214,임동쌈지주차장(1),공영,노외,광주광역시 북구 임동 경양로63번길 17,광주광역시 북구 임동 191-3,10,1,1,0,0,1급지,미시행,평일+토요일+공휴일,00:00,00:00,00:00,00:00,00:00,00:00,무료,무료,무료,무료,무료,무료,무료,무료,,,북구청 ,2024-03-31
215,임동쌈지주차장(2),공영,노외,광주광역시 북구 임동 서림로51번길 5,광주광역시 북구 임동 132-25,9,1,1,0,0,1급지,미시행,평일+토요일+공휴일,00:00,00:00,00:00,00:00,00:00,00:00,무료,무료,무료,무료,무료,무료,무료,무료,,,북구청 ,2024-03-31
216,임동쌈지주차장(3),공영,노외,광주광역시 북구 경양로 56-2 ,광주광역시 북구 임동 31-16 ,12,1,1,0,0,1급지,미시행,평일+토요일+공휴일,00:00,00:00,00:00,00:00,00:00,00:00,무료,무료,무료,무료,무료,무료,무료,무료,,,북구청 ,2024-03-31
217,신안동쌈지주차장(1),공영,노외,광주광역시 북구 중흥로83번길 17-8 ,광주광역시 북구 신안동 138-3,12,1,1,0,0,1급지,미시행,평일+토요일+공휴일,00:00,00:00,00:00,00:00,00:00,00:00,무료,무료,무료,무료,무료,무료,무료,무료,,,북구청 ,2024-03-31
218,신안동쌈지주차장(2),공영,노외,광주광역시 북구 무등로164번길 28 ,광주광역시 북구 신안동 261-9 ,9,0,1,0,0,1급지,미시행,평일+토요일+공휴일,00:00,00:00,00:00,00:00,00:00,00:00,무료,무료,무료,무료,무료,무료,무료,무료,,,북구청 ,2024-03-31
219,신안동쌈지주차장(3),공영,노외,광주광역시 북구 무등로154번길 30-1,광주광역시 북구 신안동 260-15,5,0,1,0,0,1급지,미시행,평일+토요일+공휴일,00:00,00:00,00:00,00:00,00:00,00:00,무료,무료,무료,무료,무료,무료,무료,무료,,,북구청 ,2024-03-31
220,용봉동쌈지주차장,공영,노외,광주광역시 북구 용주로18번길24-3(용봉동),광주광역시 북구 용봉동 1205-36,9,0,1,0,0,1급지,미시행,평일+토요일+공휴일,00:00,00:00,00:00,00:00,00:00,00:00,무료,무료,무료,무료,무료,무료,무료,무료,,,북구청 ,2024-03-31
221,운암2동쌈지주차장,공영,노외,광주광역시 북구 비엔날레로13번길 28-13 ,광주광역시 북구 운암동 480-26,9,0,1,0,0,1급지,미시행,평일+토요일+공휴일,00:00,00:00,00:00,00:00,00:00,00:00,무료,무료,무료,무료,무료,무료,무료,무료,,,북구청 ,2024-03-31
222,문흥1동쌈지주차장,공영,노외,광주광역시 북구 문흥동 문산로74번길 71,광주광역시 북구 문흥동 987-2,7,1,1,0,0,2급지,미시행,평일+토요일+공휴일,00:00,00:00,00:00,00:00,00:00,00:00,무료,무료,무료,무료,무료,무료,무료,무료,,,북구청 ,2024-03-31
223,두암1동쌈지주차장,공영,노외,광주광역시 북구 군왕로117번길 9-1,광주광역시 북구 두암동 853-4,8,1,1,0,0,2급지,미시행,평일+토요일+공휴일,00:00,00:00,00:00,00:00,00:00,00:00,무료,무료,무료,무료,무료,무료,무료,무료,,,북구청 ,2024-03-31
224,두암2동쌈지주차장,공영,노외,광주광역시 북구 두리봉길6번길 14 ,광주광역시 북구 두암동 582-7,6,0,1,0,0,2급지,미시행,평일+토요일+공휴일,00:00,00:00,00:00,00:00,00:00,00:00,무료,무료,무료,무료,무료,무료,무료,무료,,,북구청 ,2024-03-31
225,두암3동쌈지주차장(1),공영,노외,광주광역시 북구 두암동 삼정로3번길 25,광주광역시 북구 두암동 283-1,18,1,1,0,0,3급지,미시행,평일+토요일+공휴일,00:00,00:00,00:00,00:00,00:00,00:00,무료,무료,무료,무료,무료,무료,무료,무료,,,북구청 ,2024-03-31
226,두암3동쌈지주차장(2),공영,노외,광주광역시 북구 밤실로191번길 5-3,광주광역시 북구 두암동 304-54,11,0,0,0,0,3급지,미시행,평일+토요일+공휴일,00:00,00:00,00:00,00:00,00:00,00:00,무료,무료,무료,무료,무료,무료,무료,무료,,,북구청 ,2024-03-31
227,삼각동 쌈지주차장,공영,노외,광주광역시 북구 삼각동 송해로 8,광주광역시 북구 삼각동 820-2,8,0,1,0,0,3급지,미시행,평일+토요일+공휴일,00:00,00:00,00:00,00:00,00:00,00:00,무료,무료,무료,무료,무료,무료,무료,무료,,,북구청 ,2024-03-31
228,매곡동 쌈지주차장,공영,노외,광주광역시 북구 매곡로69번길 37 ,광주광역시 북구 매곡동 48,19,1,2,0,0,3급지,미시행,평일+토요일+공휴일,00:00,00:00,00:00,00:00,00:00,00:00,무료,무료,무료,무료,무료,무료,무료,무료,,,북구청 ,2024-03-31
229,오치1동쌈지주차장(1),공영,노외,광주광역시 북구 오치동 오산정길 31,광주광역시 북구 오치동 926-18,7,0,1,0,0,3급지,미시행,평일+토요일+공휴일,00:00,00:00,00:00,00:00,00:00,00:00,무료,무료,무료,무료,무료,무료,무료,무료,,,북구청 ,2024-03-31
230,오치1동쌈지주차장(2),공영,노외,광주광역시 북구 오치동 오산정길 16,광주광역시 북구 오치동 939-3,6,0,0,0,0,3급지,미시행,평일+토요일+공휴일,00:00,00:00,00:00,00:00,00:00,00:00,무료,무료,무료,무료,무료,무료,무료,무료,,,북구청 ,2024-03-31
231,오치1동쌈지주차장(3),공영,노외,광주광역시 북구 오산정길7번길 36 ,광주광역시 북구 오치동 955-18,7,0,1,0,0,3급지,미시행,평일+토요일+공휴일,00:00,00:00,00:00,00:00,00:00,00:00,무료,무료,무료,무료,무료,무료,무료,무료,,,북구청 ,2024-03-31
232,오치2동쌈지주차장,공영,노외,광주광역시 북구 안산로 38-30,광주광역시 북구 오치동 918-5,18,1,1,0,0,3급지,미시행,평일+토요일+공휴일,00:00,00:00,00:00,00:00,00:00,00:00,무료,무료,무료,무료,무료,무료,무료,무료,,,북구청 ,2024-03-31
233,석곡동 쌈지주차장,공영,노외,광주광역시 북구 망월동 석곡로 503,광주광역시 북구 망월동 570,4,0,0,0,0,3급지,미시행,평일+토요일+공휴일,00:00,00:00,00:00,00:00,00:00,00:00,무료,무료,무료,무료,무료,무료,무료,무료,,,북구청 ,2024-03-31
234,건국동 쌈지주차장,공영,노외,광주광역시 북구 본촌동 양산택지로79번길 26,광주광역시 북구 본촌동 3034,7,0,1,0,0,2급지,미시행,평일+토요일+공휴일,00:00,00:00,00:00,00:00,00:00,00:00,무료,무료,무료,무료,무료,무료,무료,무료,,,북구청 ,2024-03-31
235,양산동 쌈지주차장(1),공영,노외,광주광역시 북구 양산동 하서로 225,광주광역시 북구 양산동 620-64,12,1,1,0,0,3급지,미시행,평일+토요일+공휴일,00:00,00:00,00:00,00:00,00:00,00:00,무료,무료,무료,무료,무료,무료,무료,무료,,,북구청 ,2024-03-31
236,양산동 쌈지주차장(2),공영,노외,광주광역시 북구 양산동 하서로219번길 33,광주광역시 북구 양산동 611-14,7,0,0,0,0,3급지,미시행,평일+토요일+공휴일,00:00,00:00,00:00,00:00,00:00,00:00,무료,무료,무료,무료,무료,무료,무료,무료,,,북구청 ,2024-03-31
237,양산동 쌈지주차장(3),공영,노외,광주광역시 북구효열로29번길 8-2,광주광역시 북구 양산동 254-66 ,9,0,1,0,0,3급지,미시행,평일+토요일+공휴일,00:00,00:00,00:00,00:00,00:00,00:00,무료,무료,무료,무료,무료,무료,무료,무료,,,북구청 ,2024-03-31
238,중흥1동행정복지센터,공영,노외,광주광역시 북구 중흥로183번길 7,광주광역시 북구 중흥동 650-7,7,1,1,0,0,2급지,미시행,평일+토요일+공휴일,00:00,00:00,00:00,00:00,00:00,00:00,무료,무료,무료,무료,무료,무료,무료,무료,,,북구청 ,2024-03-31
239,중흥2동행정복지센터(1),공영,노외,광주광역시 북구 우치로1번길 10,광주광역시 북구 중흥동 348-24,9,0,1,0,0,1급지,미시행,평일+토요일+공휴일,00:00,00:00,00:00,00:00,00:00,00:00,무료,무료,무료,무료,무료,무료,무료,무료,,,북구청 ,2024-03-31
240,중흥2동행정복지센터(2),공영,노외,광주광역시 북구 우치로1번길 18-5,광주광역시 북구 중흥동 346-5,15,1,1,0,1,1급지,미시행,평일+토요일+공휴일,00:00,00:00,00:00,00:00,00:00,00:00,무료,무료,무료,무료,무료,무료,무료,무료,,,북구청 ,2024-03-31
241,중흥3동행정복지센터,공영,노외,광주광역시 북구 서방로40번길12,광주광역시 북구 중흥동 286-40,10,1,1,0,1,3급지,미시행,평일+토요일+공휴일,00:00,00:00,00:00,00:00,00:00,00:00,무료,무료,무료,무료,무료,무료,무료,무료,,,북구청 ,2024-03-31
242,중앙동행정복지센터,공영,노외,광주광역시 북구 금재로 30,광주광역시 북구 유동 14-6,10,1,1,0,0,1급지,미시행,평일+토요일+공휴일,00:00,00:00,00:00,00:00,00:00,00:00,무료,무료,무료,무료,무료,무료,무료,무료,,,북구청 ,2024-03-31
243,임동행정복지센터,공영,노외,광주광역시 북구 서림로 30,광주광역시 북구 임동 110-1,11,1,1,0,1,1급지,미시행,평일+토요일+공휴일,00:00,00:00,00:00,00:00,00:00,00:00,무료,무료,무료,무료,무료,무료,무료,무료,,,북구청 ,2024-03-31
244,신안동행정복지센터,공영,노외,광주광역시 북구 자산로 66,광주광역시 북구 신안동 500-5,23,1,1,0,1,1급지,미시행,평일+토요일+공휴일,00:00,00:00,00:00,00:00,00:00,00:00,무료,무료,무료,무료,무료,무료,무료,무료,,,북구청 ,2024-03-31
245,용봉동행정복지센터,공영,노외,광주광역시 북구 반룡로27번길 36,광주광역시 북구 용봉동 1226-12,24,1,1,0,0,1급지,미시행,평일+토요일+공휴일,00:00,00:00,00:00,00:00,00:00,00:00,무료,무료,무료,무료,무료,무료,무료,무료,,,북구청 ,2024-03-31
246,운암1동행정복지센터,공영,노외,광주광역시 북구 동운로201번길 55 운암1동주민센터,광주광역시 북구 운암동 841-10 ,12,2,1,0,0,1급지,미시행,평일+토요일+공휴일,00:00,00:00,00:00,00:00,00:00,00:00,무료,무료,무료,무료,무료,무료,무료,무료,,,북구청 ,2024-03-31
247,운암2동행정복지센터,공영,노외,광주광역시 북구 죽봉대로 214,광주광역시 북구 운암동 392-1,20,1,1,0,0,1급지,미시행,평일+토요일+공휴일,00:00,00:00,00:00,00:00,00:00,00:00,무료,무료,무료,무료,무료,무료,무료,무료,,,북구청 ,2024-03-31
248,운암3동행정복지센터,공영,노외,광주광역시 북구 운암3동 1054-10,광주광역시 북구 운암동 1054-10,8,1,1,0,0,1급지,미시행,평일+토요일+공휴일,00:00,00:00,00:00,00:00,00:00,00:00,무료,무료,무료,무료,무료,무료,무료,무료,,,북구청 ,2024-03-31
249,동림동행정복지센터,공영,노외,광주광역시 북구 북문대로 236,광주광역시 북구 동림동 1156-3,15,2,1,0,0,3급지,미시행,평일+토요일+공휴일,00:00,00:00,00:00,00:00,00:00,00:00,무료,무료,무료,무료,무료,무료,무료,무료,,,북구청 ,2024-03-31
250,우산동행정복지센터,공영,노외,"광주광역시 북구 동문대로 109 2, 3층 우산동 행정복지센터",광주광역시 북구 우산동 208-26 ,0,0,0,0,0,-,-,-,-,-,-,-,-,-,-,-,-,-,-,-,-,-,-,해당 건물 한시적으로 이용중이며 현재 동부설 주차장은 없음,북구청 ,2024-03-31
251,풍향동행정복지센터,공영,노외,광주광역시 북구 필문대로29번길 10,광주광역시 북구 풍향동 597-8,8,1,1,0,0,2급지,미시행,평일+토요일+공휴일,00:00,00:00,00:00,00:00,00:00,00:00,무료,무료,무료,무료,무료,무료,무료,무료,,,북구청 ,2024-03-31
252,문화동행정복지센터,공영,노외,광주광역시 북구 군왕로 233 문화동사무소,광주광역시 북구 각화동 224-12 ,8,1,1,0,1,3급지,미시행,평일+토요일+공휴일,00:00,00:00,00:00,00:00,00:00,00:00,무료,무료,무료,무료,무료,무료,무료,무료,,,북구청 ,2024-03-31
253,문흥1동행정복지센터,공영,노외,광주광역시 북구 대천로 140-3,광주광역시 북구 문흥동 996-6,10,1,1,0,3,2급지,미시행,평일+토요일+공휴일,00:00,00:00,00:00,00:00,00:00,00:00,무료,무료,무료,무료,무료,무료,무료,무료,,,북구청 ,2024-03-31
254,문흥2동행정복지센터,공영,노외,광주광역시 북구 문산로 25,광주광역시 북구 문흥동 1010-9,10,1,1,0,1,1급지,미시행,평일+토요일+공휴일,00:00,00:00,00:00,00:00,00:00,00:00,무료,무료,무료,무료,무료,무료,무료,무료,,,북구청 ,2024-03-31
255,두암1동행정복지센터,공영,노외,광주광역시 북구 동문대로110번길 77,광주광역시 북구 두암동 862-13,15,1,1,0,1,2급지,미시행,평일+토요일+공휴일,00:00,00:00,00:00,00:00,00:00,00:00,무료,무료,무료,무료,무료,무료,무료,무료,,,북구청 ,2024-03-31
256,두암2동행정복지센터,공영,노외,광주광역시 북구 면앙로192번길 15,광주광역시 북구 두암동 825-9,15,1,1,0,1,2급지,미시행,평일+토요일+공휴일,00:00,00:00,00:00,00:00,00:00,00:00,무료,무료,무료,무료,무료,무료,무료,무료,,,북구청 ,2024-03-31
257,두암3동행정복지센터,공영,노외,광주광역시 북구 삼정로3번길 25,광주광역시 북구 두암동 249,16,1,1,0,0,3급지,미시행,평일+토요일+공휴일,00:00,00:00,00:00,00:00,00:00,00:00,무료,무료,무료,무료,무료,무료,무료,무료,,,북구청 ,2024-03-31
258,삼각동행정복지센터,공영,노외,광주광역시 북구 설죽로 447,광주광역시 북구 삼각동 791-2,11,1,1,0,1,3급지,미시행,평일+토요일+공휴일,00:00,00:00,00:00,00:00,00:00,00:00,무료,무료,무료,무료,무료,무료,무료,무료,,,북구청 ,2024-03-31
259,일곡동행정복지센터,공영,노외,광주광역시 북구 설죽로 525 일곡동사무소,광주광역시 북구 일곡동 849-5,9,1,1,0,1,1급지,미시행,평일+토요일+공휴일,00:00,00:00,00:00,00:00,00:00,00:00,무료,무료,무료,무료,무료,무료,무료,무료,,,북구청 ,2024-03-31
260,매곡동행정복지센터,공영,노외,광주광역시 북구 매곡로69번길 25 매곡동사무소,광주광역시 북구 매곡동 80 ,7,1,1,0,1,3급지,미시행,평일+토요일+공휴일,00:00,00:00,00:00,00:00,00:00,00:00,무료,무료,무료,무료,무료,무료,무료,무료,,,북구청 ,2024-03-31
261,오치1동행정복지센터,공영,노외,광주광역시 북구 우치로274번길 48 오치1동사무소,광주광역시 북구 오치동 941-22 ,17,1,1,0,1,3급지,미시행,평일+토요일+공휴일,00:00,00:00,00:00,00:00,00:00,00:00,무료,무료,무료,무료,무료,무료,무료,무료,,,북구청 ,2024-03-31
262,오치2동행정복지센터,공영,노외,광주광역시 북구 서하로183번길 29 오치2동행정복지센터,광주광역시 북구 오치동 861-58 ,24,2,1,0,1,3급지,미시행,평일+토요일+공휴일,00:00,00:00,00:00,00:00,00:00,00:00,무료,무료,무료,무료,무료,무료,무료,무료,,,북구청 ,2024-03-31
263,석곡동행정복지센터,공영,노외,광주광역시 북구 석곡로 634,광주광역시 북구 망월동 668-3,14,1,1,0,1,3급지,미시행,평일+토요일+공휴일,00:00,00:00,00:00,00:00,00:00,00:00,무료,무료,무료,무료,무료,무료,무료,무료,,,북구청 ,2024-03-31
264,건국동행정복지센터,공영,노외,광주광역시 북구 본촌마을길 25,광주광역시 북구 본촌동 378-1,18,2,1,0,1,2급지,미시행,평일+토요일+공휴일,00:00,00:00,00:00,00:00,00:00,00:00,무료,무료,무료,무료,무료,무료,무료,무료,,,북구청 ,2024-03-31
265,양산동행정복지센터,공영,노외,광주광역시 북구 양산택지로 32,광주광역시 북구 양산동 1019,15,1,0,0,1,3급지,미시행,평일+토요일+공휴일,00:00,00:00,00:00,00:00,00:00,00:00,무료,무료,무료,무료,무료,무료,무료,무료,,,북구청 ,2024-03-31
266,일곡엘리체 공영주차장,공영,노외,광주광역시 북구 삼각동 설죽로 419,광주광역시 북구 삼각동 산 148-1,46,3,2,0,0,1급지,미시행,평일+토요일+공휴일,00:00,00:00,00:00,00:00,00:00,00:00,무료,무료,무료,무료,무료,무료,무료,무료,,,북구청 ,2024-03-31
267,본촌동 공영주차장,공영,노외,광주광역시 북구 용두택지로 66,광주광역시 북구 본촌동 2931,28,2,2,0,0,3급지,미시행,평일+토요일+공휴일,00:00,00:00,00:00,00:00,00:00,00:00,무료,무료,무료,무료,무료,무료,무료,무료,,,북구청 ,2024-03-31
268,삼각동 공영주차장,공영,노외,광주광역시 북구 삼각동 설죽로471번길 12,광주광역시 북구 삼각동 781-3,33,3,3,0,0,3급지,미시행,평일+토요일+공휴일,00:00,00:00,00:00,00:00,00:00,00:00,무료,무료,무료,무료,무료,무료,무료,무료,,,북구청 ,2024-03-31
269,일곡지구 킴스마트 옆 공영주차장,공영,노외,광주광역시 북구 설죽로 495-6(일곡동),광주광역시 북구 일곡동 842-1,80,4,4,0,0,2급지,미시행,평일+토요일+공휴일,00:00,00:00,00:00,00:00,00:00,00:00,유료,30,400,15,200,시간제 주차요금이 1일주차요금을 초과할 경우,6400,126000,신용카드,,북구청 ,2024-03-31
270,북부소방서 옆 공영주차장,공영,노외,광주광역시 북구 송월로 31(오치동),광주광역시 북구 오치동 1037-2,62,2,0,0,0,3급지,미시행,평일+토요일+공휴일,00:00,00:00,00:00,00:00,00:00,00:00,유료,30,300,15,150,시간제 주차요금이 1일주차요금을 초과할 경우,3900,77000,현금+신용카드,,북구청 ,2024-03-31
271,우산중학교 앞 공영주차장,공영,노외,광주광역시 북구 송월로40번길 1(오치동),광주광역시 북구 오치동 1021-6,56,2,2,0,0,3급지,미시행,평일+토요일+공휴일,00:00,00:00,00:00,00:00,00:00,00:00,유료,30,300,15,150,시간제 주차요금이 1일주차요금을 초과할 경우,3900,77000,신용카드,,북구청 ,2024-03-31
272,문정초교 앞 공영주차장,공영,노외,광주광역시 북구 대천로157번길 11(문흥동),광주광역시 북구 문흥동 957-1,43,1,1,0,0,3급지,미시행,평일+토요일+공휴일,00:00,00:00,00:00,00:00,00:00,00:00,유료,30,300,15,150,시간제 주차요금이 1일주차요금을 초과할 경우,3900,77000,현금+신용카드,,북구청 ,2024-03-31
273,삼각초교 앞 공영주차장,공영,노외,광주광역시 북구 삼각동 송해로 27,광주광역시 북구 삼각동 809-8,21,1,0,0,0,3급지,미시행,평일+토요일+공휴일,00:00,00:00,00:00,00:00,00:00,00:00,유료,30,300,15,150,시간제 주차요금이 1일주차요금을 초과할 경우,3900,77000,현금+신용카드,,북구청 ,2024-03-31
274,건축자재의 거리 공영주차장,공영,노외,광주광역시 북구 중흥동 중흥로183번길 7,광주광역시 북구 중흥동 651-3,46,3,1,0,0,1급지,미시행,평일+토요일+공휴일,00:00,00:00,00:00,00:00,00:00,00:00,유료,30,700,15,350,시간제 주차요금이 1일주차요금을 초과할 경우,8000,158000,신용카드,,북구청 ,2024-03-31
275,임동 공영주차장,공영,노외,광주광역시 북구 서림로 106(임동),광주광역시 북구 임동 94-68,28,1,0,0,0,2급지,미시행,평일+토요일+공휴일,00:00,00:00,00:00,00:00,00:00,00:00,유료,30,400,15,200,시간제 주차요금이 1일주차요금을 초과할 경우,6400,126000,신용카드,,북구청 ,2024-03-31
276,효죽(교통지도과) 공영주차장,공영,노외,광주광역시 북구 용봉로138번길 11(중흥동),광주광역시 북구 중흥동 358-3,201,7,7,2,0,1급지,미시행,평일,08:00,19:00,00:00,00:00,00:00,00:00,유료,30,700,15,350,시간제 주차요금이 1일주차요금을 초과할 경우,8000,158000,신용카드,평일(0800~19:00) 유료,북구청 ,2024-03-31
277,운암어린이공원 지하 공영주차장,공영,노외,광주광역시 북구 북문대로33번길 27-11,광주광역시 북구 운암동 95,56,2,2,0,0,1급지,미시행,평일+토요일+공휴일,00:00,00:00,00:00,00:00,00:00,00:00,유료,30,700,15,350,시간제 주차요금이 1일주차요금을 초과할 경우,8000,158000,현금+신용카드,,북구청 ,2024-03-31
278,문화예술회관 공영주차장,공영,부설,광주광역시 북문대로 60,광주광역시 북구 운암동 328-16,434,21,0,0,0,1급지,미시행,평일+토요일+공휴일,00:00,00:00,00:00,00:00,00:00,00:00,무료,무료,무료,무료,무료,무료,무료,무료,,,북구청 ,2024-03-31
279,첨단산단 완충녹지 공영주차장,공영,노외,,광주광역시 북구 연제동 1026-1,110,4,8,6,0,3급지,미시행,평일+토요일+공휴일,00:00,00:00,00:00,00:00,00:00,00:00,무료,무료,무료,무료,무료,무료,무료,무료,,"2021. 3. 조성 / 현재 무료운영, 유료화 예정",북구청 ,2024-03-31
280,용동봉 제1공영주차장,공영,노외,광주광역시 북구 저불로 47-14(용봉동),광주광역시 북구 용봉동 1377-2,17,1,1,0,0,2급지,미시행,평일+토요일+공휴일,00:00,00:00,00:00,00:00,00:00,00:00,무료,무료,무료,무료,무료,무료,무료,무료,,"2021. 3. 조성 / 현재 무료운영, 유료화 예정",북구청 ,2024-03-31
281,용봉동 제2공영주차장,공영,노외,광주광역시 북구 용주로 2(용봉동),광주광역시 북구 용봉동 1231-1,18,1,1,0,0,2급지,미시행,평일+토요일+공휴일,00:00,00:00,00:00,00:00,00:00,00:00,무료,무료,무료,무료,무료,무료,무료,무료,,"2021. 4. 조성 / 현재 무료운영, 유료화 예정",북구청 ,2024-03-31
282,문화동쌈지주차장,공영,노외,,광주광역시 북구 문화동 872-1,9,0,0,0,0,3급지,미시행,평일+토요일+공휴일,00:00,00:00,00:00,00:00,00:00,00:00,무료,무료,무료,무료,무료,무료,무료,무료,,2020. 5. 조성,북구청 ,2024-03-31
283,두암2동쌈지주차장(2),공영,노외,광주광역시 북구 군왕로141번길 58-8,광주광역시 북구 두암동 832-1,7,0,0,0,0,2급지,미시행,평일+토요일+공휴일,00:00,00:00,00:00,00:00,00:00,00:00,무료,무료,무료,무료,무료,무료,무료,무료,,2020. 12. 조성,북구청 ,2024-03-31
284,두암3동쌈지주차장(3),공영,노외,광주광역시 북구 군왕로 72-3(두암동),광주광역시 북구 두암동 904-38,18,1,1,0,0,3급지,미시행,평일,08:00,19:00,00:00,00:00,00:00,00:00,유료,30,300,15,150,시간제 주차요금이 1일주차요금을 초과할 경우,3900,43000,신용카드,"2020. 5. 조성, 평일(08:00~19:00) 유료",북구청 ,2024-03-31
285,일곡동행정복지센터(2),공영,노외,,광주광역시 북구 일곡동 849-4,22,2,1,0,0,1급지,미시행,평일+토요일+공휴일,00:00,00:00,00:00,00:00,00:00,00:00,무료,무료,무료,무료,무료,무료,무료,무료,,,북구청 ,2024-03-31
286,성안교회주차장,공영,노외,광주광역시 광산구 장신로 301,광주광역시 광산구 신창동 1188,20,4,0,0,0,1급지,미시행,평일,00:00,00:00,00:00,00:00,00:00,00:00,무료,무료,무료,무료,무료,무료,무료,무료,,일요일 예배가 있는 날 비개방,광산구청 ,2024-03-31
287,비아교회주차장,공영,노외,광주광역시 광산구 비아중앙로31번길 8-3,광주광역시 광산구 비아동 118-13,25,0,0,0,0,3급지,미시행,평일,00:00,00:00,00:00,00:00,00:00,00:00,무료,무료,무료,무료,무료,무료,무료,무료,,"수요일 17:00~21:00, 일요일 예배 있는 날 비개방",광산구청 ,2024-03-31
288,수완동주차장01,공영,노외,광주광역시 광산구 수완로74번길 11-76,광주광역시 광산구 수완동 1237,10,0,0,0,0,1급지,미시행,평일+토요일+공휴일,00:00,00:00,00:00,00:00,00:00,00:00,무료,무료,무료,무료,무료,무료,무료,무료,,,광산구청 ,2024-03-31
289,수완동주차장02,공영,노외,광주광역시 광산구 수완로50번길 45,광주광역시 광산구 수완동 1613,11,0,0,0,0,1급지,미시행,평일+토요일+공휴일,00:00,00:00,00:00,00:00,00:00,00:00,무료,무료,무료,무료,무료,무료,무료,무료,,빌라로 사용중,광산구청 ,2024-03-31
290,수완동주차장03,공영,노외,광주광역시 광산구 수완로74번길 29-5,광주광역시 광산구 수완동 1308,11,0,0,0,0,1급지,미시행,평일+토요일+공휴일,00:00,00:00,00:00,00:00,00:00,00:00,무료,무료,무료,무료,무료,무료,무료,무료,,건물 건축 완료,광산구청 ,2024-03-31
291,월곡동주차장,공영,노외,광주광역시 광산구 사암로390번길 13-22,광주광역시 광산구 월곡동 680-2,16,0,0,0,0,2급지,미시행,평일+토요일+공휴일,00:00,00:00,00:00,00:00,00:00,00:00,무료,무료,무료,무료,무료,무료,무료,무료,,건물 신축 중,광산구청 ,2024-03-31
292,임곡동주민센터 주차장,공영,노외,광주광역시 광산구 고봉로 788,광주광역시 광산구 임곡동 451-2,16,2,0,0,1,3급지,미시행,평일+토요일+공휴일,09:00,18:00,09:00,18:00,09:00,18:00,무료,무료,무료,무료,무료,무료,무료,무료,,"주민센터 비근무시간 개방(평일18:00~익일08:00, 주말, 공휴일 개방)",광산구청 ,2024-03-31
293,이야기꽃 도서관 주차장,공영,노외,광주광역시 광산구 선운중앙로67번길6,광주광역시 광산구 선암동 516,16,1,1,0,0,2급지,미시행,평일+토요일+공휴일,09:00,18:00,09:00,18:00,09:00,18:00,무료,무료,무료,무료,무료,무료,무료,무료,,익일 18:00~09:00(도서관 비근무시간 개방),광산구청 ,2024-03-31
294,비아5일시장 공영주차장,공영,노외,광주광역시 광산구 비아중앙로 26-1,광주광역시 광산구 비아동 83-5,45,0,1,0,0,3급지,미시행,평일+토요일+공휴일,00:00,00:00,00:00,00:00,00:00,00:00,무료,무료,무료,무료,무료,무료,무료,무료,,"주민센터 비근무시간 개방(평일18:00~익일08:00, 주말, 공휴일 개방)",광산구청 ,2024-03-31
295,신흥동행정복지센터 공영주차장,공영,노외,광주광역시 광산구 신흥동안길 9,광주광역시 광산구 신촌동 1083,15,1,0,0,1,3급지,미시행,평일+토요일+공휴일,09:00,18:00,09:00,18:00,09:00,18:00,무료,무료,무료,무료,무료,무료,무료,무료,,"주민센터 비근무시간 개방(평일18:00~익일08:00, 주말, 공휴일 개방)",광산구청 ,2024-03-31
296,도산동 행정복지센터 주차장,공영,노외,광주광역시 광산구 도산로 12,광주광역시 광산구 도산동 1084-5,11,2,1,0,1,3급지,미시행,평일+토요일+공휴일,09:00,18:00,09:00,18:00,09:00,18:00,무료,무료,무료,무료,무료,무료,무료,무료,,"주민센터 비근무시간 개방(평일18:00~익일08:00, 주말, 공휴일 개방)",광산구청 ,2024-03-31
297,수완동 행정복지센터 주차장,공영,노외,광주광역시 광산구 장덕로 158,광주광역시 광산구 수완동 936,36,2,1,0,1,1급지,미시행,평일+토요일+공휴일,09:00,18:00,09:00,18:00,09:00,18:00,무료,무료,무료,무료,무료,무료,무료,무료,,"주민센터 비근무시간 개방(평일 19:00~익일 8:00, 주민1시간 무료, 무인시스템",광산구청 ,2024-03-31
298,운남어린이도서관 주차장,공영,노외,광주광역시 광산구 목련로217번길 10,광주광역시 광산구 운남동 387-25,40,2,1,0,0,3급지,미시행,평일+토요일+공휴일,00:00,00:00,00:00,00:00,00:00,00:00,무료,무료,무료,무료,무료,무료,무료,무료,,익일 18:00~09:00(도서관 비근무시간 개방),광산구청 ,2024-03-31
299,공무원교육원 주차장,공영,노외,광주광역시 광산구 소촌로152번길 53-27,광주광역시 광산구 소촌동 232-2,282,8,0,0,0,3급지,미시행,평일+토요일+공휴일,00:00,00:00,00:00,00:00,00:00,00:00,무료,무료,무료,무료,무료,무료,무료,무료,,"월~금 17~익일8, 공휴일 24시간 개방",광산구청 ,2024-03-31
300,농업기술센터 주차장,공영,노외,광주광역시 광산구 평동로 639-22,광주광역시 광산구 용곡동 418,51,3,2,0,0,3급지,미시행,평일,09:00,18:00,09:00,18:00,09:00,18:00,무료,무료,무료,무료,무료,무료,무료,무료,,,광산구청 ,2024-03-31
301,수완인라인롤러경기장 주차장,공영,노외,광주광역시 광산구 장덕로96번길 15,광주광역시 광산구 장덕동 1295,52,3,1,0,0,1급지,미시행,평일+토요일+공휴일,00:00,00:00,00:00,00:00,00:00,00:00,무료,무료,무료,무료,무료,무료,무료,무료,,,광산구청 ,2024-03-31
302,광주소방학교 주차장,공영,노외,광주광역시 광산구 소촌로152번길 53-84,광주광역시 광산구 소촌동 224-21,46,0,0,0,0,3급지,미시행,평일+토요일+공휴일,00:00,00:00,00:00,00:00,00:00,00:00,무료,무료,무료,무료,무료,무료,무료,무료,,소방전용 주차장,광산구청 ,2024-03-31
303,동곡동 행정복지센터 주차장,공영,노외,광주광역시 광산구 동곡로 151-56,광주광역시 광산구 하산동 134,14,1,1,0,1,3급지,미시행,평일+토요일+공휴일,00:00,00:00,00:00,00:00,00:00,00:00,무료,무료,무료,무료,무료,무료,무료,무료,,"주민센터 비근무시간 개방(평일18:00~익일08:00, 주말, 공휴일 개방)",광산구청 ,2024-03-31
304,첨단2동 행정복지센터 주차장,공영,노외,광주광역시 광산구 첨단중앙로124번길 24,광주광역시 광산구 월계동 875-4,12,1,0,0,1,3급지,미시행,평일+토요일+공휴일,00:00,00:00,00:00,00:00,00:00,00:00,무료,무료,무료,무료,무료,무료,무료,무료,,"주민센터 비근무시간 개방(평일18:00~익일08:00, 주말, 공휴일 개방)",광산구청 ,2024-03-31
305,운남동 행정복지센터 주차장,공영,노외,광주광역시 광산구 목련로217번길 10,광주광역시 광산구 운남동 387-25,21,1,1,0,1,3급지,미시행,평일+토요일+공휴일,00:00,00:00,00:00,00:00,00:00,00:00,무료,무료,무료,무료,무료,무료,무료,무료,,"주민센터 비근무시간 개방(평일18:00~익일08:00, 주말, 공휴일 개방)",광산구청 ,2024-03-31
306,우산동 행정복지센터 주차장,공영,노외,광주광역시 광산구 무진대로 246-12,광주광역시 광산구 우산동 1601-7,14,1,1,0,1,2급지,미시행,평일+토요일+공휴일,00:00,00:00,00:00,00:00,00:00,00:00,무료,무료,무료,무료,무료,무료,무료,무료,,"주민센터 비근무시간 개방(평일18:00~익일08:00, 주말, 공휴일 개방)",광산구청 ,2024-03-31
307,월곡2동 행정복지센터 주차장,공영,노외,광주광역시 광산구 산정공원로72번길 21-12,광주광역시 광산구 월곡동 490-7,19,1,0,0,1,3급지,미시행,평일+토요일+공휴일,00:00,00:00,00:00,00:00,00:00,00:00,무료,무료,무료,무료,무료,무료,무료,무료,,"주민센터 비근무시간 개방(평일18:00~익일08:00, 주말, 공휴일 개방)",광산구청 ,2024-03-31
308,비아동 행정복지센터 주차장,공영,노외,광주광역시 광산구 비아중앙로31번길 6,광주광역시 광산구 비아동 105,8,1,0,0,1,3급지,미시행,평일+토요일+공휴일,00:00,00:00,00:00,00:00,00:00,00:00,무료,무료,무료,무료,무료,무료,무료,무료,,"주민센터 비근무시간 개방(평일18:00~익일08:00, 주말, 공휴일 개방)",광산구청 ,2024-03-31
309,신가동 행정복지센터 주차장,공영,노외,광주광역시 광산구 신가로 30,광주광역시 광산구 신가동 873-7,10,1,0,0,1,1급지,미시행,평일+토요일+공휴일,00:00,00:00,00:00,00:00,00:00,00:00,무료,무료,무료,무료,무료,무료,무료,무료,,"주민센터 비근무시간 개방(평일18:00~익일08:00, 주말, 공휴일 개방)",광산구청 ,2024-03-31
310,신창동 행정복지센터 주차장,공영,노외,광주광역시 광산구 왕버들로 291,광주광역시 광산구 신창동 1171-3,29,1,1,0,1,1급지,미시행,평일+토요일+공휴일,00:00,00:00,00:00,00:00,00:00,00:00,무료,무료,무료,무료,무료,무료,무료,무료,,"주민센터 비근무시간 개방(평일18:00~익일08:00, 주말, 공휴일 개방)",광산구청 ,2024-03-31
311,신가도서관 주차장,공영,노외,광주광역시 광산구 신가로40번길 24,광주광역시 광산구 신가동 870,22,2,1,0,0,1급지,미시행,평일+토요일+공휴일,00:00,00:00,00:00,00:00,00:00,00:00,무료,무료,무료,무료,무료,무료,무료,무료,,야간 18:00~09:00 개방,광산구청 ,2024-03-31
312,빛고을 국민체육센터 옆 공영주차장,공영,노외,광주광역시 광산구 무진대로211번길 21-5,광주광역시 광산구 우산동 1574-7,21,1,0,0,0,2급지,미시행,평일+토요일+공휴일,00:00,00:00,00:00,00:00,00:00,00:00,유료,30,400,15,200,,6400,70000 야간은 56000,현금,,광산구청 ,2024-03-31
313,광주여자대학교A공영주차장,공영,노외,광주광역시 광산구 용아로 245,광주광역시 광산구 우산동 1611-1,35,3,2,0,0,2급지,미시행,평일+토요일+공휴일,00:00,00:00,00:00,00:00,00:00,00:00,유료,30,400,30,200,,6400,70000 야간은 56000,현금,,광산구청 ,2024-03-31
314,광주여자대학교B공영주차장,공영,노외,광주광역시 광산구 용아로 231,광주광역시 광산구 우산동 1611-9,30,2,0,0,0,2급지,미시행,평일+토요일+공휴일,00:00,00:00,00:00,00:00,00:00,00:00,유료,30,400,30,200,,6400,70000 야간은 56000,현금,,광산구청 ,2024-03-31
315,월곡 2동 주민센터 앞 공영주차장,공영,노외,광주광역시 광산구 월곡동 산정공원로72번길 21,광주광역시 광산구 월곡동 490-15,6,0,0,0,0,3급지,미시행,평일+토요일+공휴일,00:00,00:00,00:00,00:00,00:00,00:00,무료,무료,무료,무료,무료,무료,무료,무료,,,광산구청 ,2024-03-31
316,신흥동 공영주차장,공영,노외,광주광역시 광산구 신촌동 신흥동안길 9,광주광역시 광산구 신흥동 1083-1,10,2,0,0,1,2급지,미시행,평일+토요일+공휴일,00:00,00:00,00:00,00:00,00:00,00:00,무료,무료,무료,무료,무료,무료,무료,무료,,,광산구청 ,2024-03-31
317,진곡일반산업단지 주차장1,공영,노외,광주광역시 광산구 고룡동 임곡로 425,광주광역시 광산구 고룡동 997,40,2,0,0,0,3급지,미시행,평일+토요일+공휴일,00:00,00:00,00:00,00:00,00:00,00:00,무료,무료,무료,무료,무료,무료,무료,무료,,,광산구청 ,2024-03-31
318,진곡일반산업단지 주차장2,공영,노외,광주광역시 광산구 진곡동 진곡산단중앙로 224,광주광역시 광산구 진곡동 511,22,2,0,0,0,3급지,미시행,평일+토요일+공휴일,00:00,00:00,00:00,00:00,00:00,00:00,무료,무료,무료,무료,무료,무료,무료,무료,,,광산구청 ,2024-03-31
319,진곡일반산업단지주차장3,공영,노외,광주광역시 광산구 오선동 진곡산단2번로 80,광주광역시 광산구 오선동 667,11,1,0,0,0,3급지,미시행,평일+토요일+공휴일,00:00,00:00,00:00,00:00,00:00,00:00,무료,무료,무료,무료,무료,무료,무료,무료,,,광산구청 ,2024-03-31
320,진곡일반산업단지주차장4,공영,노외,광주광역시 광산구 오선동 진곡산단2번로 82,광주광역시 광산구 오선동 680,8,1,0,0,0,3급지,미시행,평일+토요일+공휴일,00:00,00:00,00:00,00:00,00:00,00:00,무료,무료,무료,무료,무료,무료,무료,무료,,,광산구청 ,2024-03-31
321,진곡일반산업단지주차장5,공영,노외,광주광역시 광산구 오선동 진곡산단2번로 58,광주광역시 광산구 오선동 708,11,1,0,0,0,3급지,미시행,평일+토요일+공휴일,00:00,00:00,00:00,00:00,00:00,00:00,무료,무료,무료,무료,무료,무료,무료,무료,,,광산구청 ,2024-03-31
322,진곡일반산업단지주차장6,공영,노외,광주광역시 광산구 오선동 진곡산단2번로 76,광주광역시 광산구 오선동 686,18,1,0,0,0,3급지,미시행,평일+토요일+공휴일,00:00,00:00,00:00,00:00,00:00,00:00,무료,무료,무료,무료,무료,무료,무료,무료,,,광산구청 ,2024-03-31
323,진곡일반산업단지주차장7,공영,노외,광주광역시 광산구 오선동 진곡산단3번로 54,광주광역시 광산구 오선동 634,33,2,0,0,0,3급지,미시행,평일+토요일+공휴일,00:00,00:00,00:00,00:00,00:00,00:00,무료,무료,무료,무료,무료,무료,무료,무료,,,광산구청 ,2024-03-31
324,진곡일반산업단지주차장8,공영,노외,광주광역시 광산구 오선동 진곡산단3번로 54,광주광역시 광산구 오선동 634,20,2,0,0,0,3급지,미시행,평일+토요일+공휴일,00:00,00:00,00:00,00:00,00:00,00:00,무료,무료,무료,무료,무료,무료,무료,무료,,,광산구청 ,2024-03-31
325,진곡일반산업단지주차장9,공영,노외,광주광역시 광산구 고룡동 진곡산단중앙로 244,광주광역시 광산구 고룡동 1007,23,2,0,0,0,3급지,미시행,평일+토요일+공휴일,00:00,00:00,00:00,00:00,00:00,00:00,무료,무료,무료,무료,무료,무료,무료,무료,,,광산구청 ,2024-03-31
326,진곡일반산업단지주차장10,공영,노외,광주광역시 광산구 진곡동 진곡산단5번로 43,광주광역시 광산구 진곡동 529,22,2,0,0,0,3급지,미시행,평일+토요일+공휴일,00:00,00:00,00:00,00:00,00:00,00:00,무료,무료,무료,무료,무료,무료,무료,무료,,,광산구청 ,2024-03-31
327,진곡일반산업단지주차장11,공영,노외,광주광역시 광산구 진곡동 진곡산단4번로 63,광주광역시 광산구 진곡동 139-5,38,2,0,0,0,3급지,미시행,평일+토요일+공휴일,00:00,00:00,00:00,00:00,00:00,00:00,무료,무료,무료,무료,무료,무료,무료,무료,,,광산구청 ,2024-03-31
328,진곡일반산업단지주차장12,공영,노외,광주광역시 광산구 오선동 진곡산단2번로 1,광주광역시 광산구 고룡동 220-24,65,3,0,0,0,3급지,미시행,평일+토요일+공휴일,00:00,00:00,00:00,00:00,00:00,00:00,무료,무료,무료,무료,무료,무료,무료,무료,,,광산구청 ,2024-03-31
329,진곡일반산업단지주차장13,공영,노외,광주광역시 광산구 진곡동 진곡산단5번로 75,광주광역시 광산구 진곡동 552,14,1,0,0,0,3급지,미시행,평일+토요일+공휴일,00:00,00:00,00:00,00:00,00:00,00:00,무료,무료,무료,무료,무료,무료,무료,무료,,,광산구청 ,2024-03-31
330,비아동 공영주차장,공영,노외,광주광역시 광산구 비아동 비아중앙로31번길 6,광주광역시 광산구 비아동 105,33,0,0,0,0,3급지,미시행,평일+토요일+공휴일,00:00,00:00,00:00,00:00,00:00,00:00,무료,무료,무료,무료,무료,무료,무료,무료,,,광산구청 ,2024-03-31
331,야촌마을공영주차장,공영,노외,광주광역시 광산구 신촌동 야촌길 34,광주광역시 광산구 신촌동 707-90,14,0,0,0,0,3급지,미시행,평일+토요일+공휴일,00:00,00:00,00:00,00:00,00:00,00:00,무료,무료,무료,무료,무료,무료,무료,무료,,,광산구청 ,2024-03-31
332,비아 5일시장 제2공영주차장,공영,노외,광주광역시 광산구 비아동 비아동원촌길 17,광주광역시 광산구 비아동 66-6,46,0,0,0,0,3급지,미시행,평일+토요일+공휴일,00:00,00:00,00:00,00:00,00:00,00:00,무료,무료,무료,무료,무료,무료,무료,무료,,,광산구청 ,2024-03-31
333,평동 종합 비즈니스센터 주차장,공영,부설,광주광역시 광산구 평동산단로 184-1,광주광역시 광산구 월전동 1221,30,0,0,0,0,3급지,미시행,평일+토요일+공휴일,00:00,00:00,00:00,00:00,00:00,00:00,무료,무료,무료,무료,무료,무료,무료,무료,,"평일 18:00이후,주말,공휴일 개방",광산구청 ,2024-03-31
334,운남동 공영주차장,공영,부설,광주광역시 광산구 목련로219번길 112,광주광역시 광산구 운남동 524-3,45,2,0,0,0,3급지,미시행,평일+토요일+공휴일,08:00,20:00,08:00,20:00,08:00,20:00,무료,무료,무료,무료,무료,무료,무료,무료,,"주민센터 비근무시간 개방(평일18:00~익일08:00, 주말, 공휴일 개방)",광산구청 ,2024-03-31
335,광산구 공익활동지원센터 주차장,공영,부설,광주광역시 광산구 장덕로96번길 15,광주광역시 광산구 장덕동 1295,5,1,0,0,0,1급지,미시행,평일+토요일+공휴일,09:00,18:00,09:00,18:00,09:00,18:00,무료,무료,무료,무료,무료,무료,무료,무료,,,광산구청 ,2024-03-31
336,월곡시장 주차타워,공영,부설,광주광역시 광산구 사암로 300,광주광역시 광산구 월곡동 687-3,50,3,0,0,0,2급지,미시행,평일+토요일+공휴일,00:00,00:00,00:00,00:00,00:00,00:00,유료,30,400,15,200,,6400,70000,현금,"전통시장 이용고객시 반값, 무인시스템",광산구청 ,2024-03-31
337,맨하탄모텔 옆 공영주차장,공영,부설,광주광역시 광산구 우산동 1577-7,광주광역시 광산구 무진대로231번길 15,20,0,0,0,0,2급지,미시행,평일+토요일+공휴일,00:00,00:00,00:00,00:00,00:00,00:00,유료,30,400,15,200,,6400,70000 야간은 56000,현금,무인시스템,광산구청 ,2024-03-31
338,광산로 공영주차장,공영,부설,광주광역시 광산구 광산로 30번길 10,광주광역시 광산구 송정동 818-15,48,2,2,0,0,1급지,미시행,평일+토요일+공휴일,00:00,00:00,00:00,00:00,00:00,00:00,유료,30,200,15,100,,6400,70000,현금,시장이용고객무료,광산구청 ,2024-03-31
339,신가공영유료주차장,공영,부설,광주광역시 광산구 수능로 242,광주광역시 광산구 신가동 894-1번지 14필지,59,1,0,0,0,1급지,미시행,평일+토요일+공휴일,00:00,00:00,00:00,00:00,00:00,00:00,무료,무료,무료,무료,무료,무료,무료,무료,,,광산구청 ,2024-03-31
340,호남병원 옆 공영주차장,공영,부설,광주광역시 광산구 무진대로 255,광주광역시 광산구 우산동 1583-4,59,0,0,0,0,2급지,미시행,평일+토요일+공휴일,00:00,00:00,00:00,00:00,00:00,00:00,유료,30,400,15,200,,6400,70000,현금,,광산구청 ,2024-03-31
341,광산로 제 2공영주차장,공영,부설,광주광역시 광산구 송정동 광산로 48,광주광역시 광산구 송정동 805-4,70,0,0,0,0,1급지,미시행,평일+토요일+공휴일,00:00,00:00,00:00,00:00,00:00,00:00,유료,60,무료,15,200,,6400,,현금,,광산구청 ,2024-03-31
342,원동 공영주차장,공영,부설,광주광역시 광산구 송정동 내상로33번길 111,광주광역시 광산구 송정동 679,8,0,0,0,0,1급지,미시행,평일+토요일+공휴일,00:00,00:00,00:00,00:00,00:00,00:00,무료,무료,무료,무료,무료,무료,무료,무료,,관리인X,광산구청 ,2024-03-31
343,하남산단근로자주차장,공영,부설,광주광역시 광산구 장덕동 하남산단4번로 132,광주광역시 광산구 장덕동 982-10,56,0,0,0,0,1급지,미시행,평일+토요일+공휴일,00:00,00:00,00:00,00:00,00:00,00:00,무료,무료,무료,무료,무료,무료,무료,무료,,,광산구청 ,2024-03-31
344,송정매일시장상가주차타워,공영,부설,광주광역시 광산구 송정동 내상로 10,광주광역시 광산구 송정동 792-8,213,0,0,0,0,1급지,미시행,평일+토요일+공휴일,00:00,00:00,00:00,00:00,00:00,00:00,유료,60,600,30,200,,,,현금,2시간 이상 할증요금 30분당 400원,광산구청 ,2024-03-31
345,송정5일시장 공영주차장,공영,부설,광주광역시 광산구 송정동 광산로30번길 80,광주광역시 광산구 송정동 231-2,186,0,0,0,0,3급지,미시행,평일+토요일+공휴일,00:00,00:00,00:00,00:00,00:00,00:00,유료,60,무료,60,800,,6400,,현금,시장이용고객무료,광산구청 ,2024-03-31
