주차장명,주차장구분,소재지도로명주소,소재지지번주소,주차구획수,요금정보,평일운영시작시각,평일운영종료시각,토요일운영시작시각,토요일운영종료시각,공휴일운영시작시각,공휴일운영종료시각,주소,구,x,y
산수1동 제3주차장,공영,광주광역시 동구 경양로 309-6,광주광역시 동구 산수동 489-15,9,무료,0:00,0:00,0:00,0:00,0:00,0:00,광주광역시 동구 경양로 309-6,동구,126.923492391406,35.154582295504
산수도서관 주변,공영,광주광역시 동구 경양로 355,광주광역시 동구 산수1동 401-58,35,무료,0:00,0:00,0:00,0:00,0:00,0:00,광주광역시 동구 경양로 355,동구,126.928443252413,35.1544123495279
계림동 공영주차장,공영,광주광역시 동구 경양로235번길 4,광주광역시 동구 계림동 489-25,3,무료,0:00,0:00,0:00,0:00,0:00,0:00,광주광역시 동구 경양로235번길 4,동구,126.91692151536,35.1577473298282
계림동 (거주자 우선),공영,광주광역시 동구 경양로277번길 23-2,광주광역시 동구 계림동 280 ,80,무료,0:00,0:00,0:00,0:00,0:00,0:00,광주광역시 동구 경양로277번길 23-2,동구,126.91991203212,35.1572553082713
충장로상점가 공영주차장,공영,광주광역시 동구 구성로 172-2,광주광역시 동구 충장로5가 25번지 ,38,유료,9:00,18:00,9:00,18:00,9:00,18:00,광주광역시 동구 구성로 172-2,동구,,
전자의거리 공영주차장,공영,광주광역시 동구 구성로 199,광주광역시 동구 대인동 27-9,68,유료,9:00,19:00,9:00,19:00,9:00,19:00,광주광역시 동구 구성로 199,동구,126.914056903685,35.1534935266651
금남지하주차장,공영,광주광역시 동구 금남로 246,광주광역시 동구 금남로1가 23,107,유료,0:00,0:00,0:00,0:00,0:00,0:00,광주광역시 동구 금남로 246,동구,126.918396680309,35.1478963730567
너릿재유아숲,공영,광주광역시 동구 남문로 48-8,광주광역시 동구 선교동 482,9,무료,0:00,0:00,0:00,0:00,0:00,0:00,광주광역시 동구 남문로 48-8,동구,,
지원1동주민센터 뒤,공영,광주광역시 동구 남문로 606-5,광주광역시 동구 소태동 595-9,9,무료,0:00,0:00,0:00,0:00,0:00,0:00,광주광역시 동구 남문로 606-5,동구,126.932322602171,35.1249494904907
지체장애인협회 앞,공영,광주광역시 동구 남문로 638-7,광주광역시 동구 소태동 532-174,2,무료,0:00,0:00,0:00,0:00,0:00,0:00,광주광역시 동구 남문로 638-7,동구,126.931174616113,35.128053503647
내남동 공영주차장1,공영,광주광역시 동구 내남동 산 322-9,광주광역시 동구 내남동 산 322-9번지 외 50,51,무료,0:00,0:00,0:00,0:00,0:00,0:00,광주광역시 동구 내남동 산 322-9,동구,,
내남동 공영주차장2,공영,광주광역시 동구 내남동 산 322-9,광주광역시 동구 내남동 284번지 외 9,15,무료,0:00,0:00,0:00,0:00,0:00,0:00,광주광역시 동구 내남동 산 322-9,동구,,
녹동 주차장,공영,광주광역시 동구 녹동길 80,광주광역시 동구 월남동 267-1,15,무료,0:00,0:00,0:00,0:00,0:00,0:00,광주광역시 동구 녹동길 80,동구,126.933858666923,35.1060668094578
계림동 푸른길 옆,공영,광주광역시 동구 독립로376번길 16,광주광역시 동구 계림동 732,23,무료,0:00,0:00,0:00,0:00,0:00,0:00,광주광역시 동구 독립로376번길 16,동구,126.916539501845,35.1637245209963
힐링가든 계림동 제1주차장,공영,광주광역시 동구 독립로384번길 13,광주광역시 동구 계림동 672,3,무료,0:00,0:00,0:00,0:00,0:00,0:00,광주광역시 동구 독립로384번길 13,동구,126.916819785928,35.1645270131448
동명동 제2공영주차장,공영,광주광역시 동구 동계로10번길 11-1,광주광역시 동구 동명동 181-5일원,24,무료,0:00,0:00,0:00,0:00,0:00,0:00,광주광역시 동구 동계로10번길 11-1,동구,126.925380254966,35.1525998491856
동명동 공영주차장,공영,광주광역시 동구 동계로15번길 18,광주광역시 동구 동명동 254-35,3,무료,0:00,0:00,0:00,0:00,0:00,0:00,광주광역시 동구 동계로15번길 18,동구,126.922968310814,35.1540260044621
동계천 공영주차장,공영,광주광역시 동구 동계천로 10,광주광역시 동구 대인동 327-1,29,유료,8:00,20:00,8:00,20:00,8:00,20:00,광주광역시 동구 동계천로 10,동구,126.913889394413,35.1563371987027
동명동 제3공영주차장,공영,광주광역시 동구 동계천로 171-4,광주광역시 동구 동명동35-6,18,무료,0:00,0:00,0:00,0:00,0:00,0:00,광주광역시 동구 동계천로 171-4,동구,126.928034296627,35.1493340219022
화원한정식 앞(전여고 뒤편),공영,광주광역시 동구 동계천로95번길 3,광주광역시 동구 동명동 228-12,29,무료,0:00,0:00,0:00,0:00,0:00,0:00,광주광역시 동구 동계천로95번길 3,동구,126.92146587997,35.1518182392617
가족회관 앞,공영,광주광역시 동구 동명로 50,광주광역시 동구 동명동 159-7,9,무료,0:00,0:00,0:00,0:00,0:00,0:00,광주광역시 동구 동명로 50,동구,126.925952104904,35.15131522036
힐링가든 지산동 제1주차장,공영,광주광역시 동구 동명로 81-14,광주광역시 동구 지산동 720-59,3,무료,0:00,0:00,0:00,0:00,0:00,0:00,광주광역시 동구 동명로 81-14,동구,126.929758703679,35.1513584987668
동명동(푸른길),공영,광주광역시 동구 동명로20번길 43-5,광주광역시 동구 동명동 25번지 주변,32,무료,0:00,0:00,0:00,0:00,0:00,0:00,광주광역시 동구 동명로20번길 43-5,동구,126.927876059465,35.1503152394475
동산경로당 주변,공영,광주광역시 동구 동산길7번길 22,광주광역시 동구 동산길 7번길,9,무료,0:00,0:00,0:00,0:00,0:00,0:00,광주광역시 동구 동산길7번길 22,동구,126.94803438609,35.1310544335673
힐링가든 계림동 제2주차장,공영,광주광역시 동구 무등로321번길 12-1,광주광역시 동구 계림동 554-1,4,무료,0:00,0:00,0:00,0:00,0:00,0:00,광주광역시 동구 무등로321번길 12-1,동구,,
광고앞 공영주차장,공영,광주광역시 동구 무등로333번길 11,광주광역시 동구 계림동 505-329,38,유료,8:00,20:00,8:00,20:00,8:00,20:00,광주광역시 동구 무등로333번길 11,동구,126.919283555318,35.1626166272866
계림2동(푸른길 옆),공영,광주광역시 동구 무등로384번길 7,광주광역시 동구 계림동 38-2번지 주변,39,무료,0:00,0:00,0:00,0:00,0:00,0:00,광주광역시 동구 무등로384번길 7,동구,,
산수1동주민센터 소규모주차장,공영,광주광역시 동구 무등로449번길 5-42,광주광역시 동구 산수1동 548-5번지 외 4필지,18,무료,0:00,0:00,0:00,0:00,0:00,0:00,광주광역시 동구 무등로449번길 5-42,동구,126.929877460467,35.1578679206196
국립아시아문화전당 A주차장,공영,광주광역시 동구 문화전당로 26번길 7,광주광역시 동구 광산동 13,275,유료,0:00,0:00,0:00,0:00,0:00,0:00,광주광역시 동구 문화전당로 26번길 7,동구,126.919889157722,35.146440859318
삼성아파트 앞,공영,광주광역시 동구 밤실로 38,광주광역시 동구 지산동 315-24,16,무료,0:00,0:00,0:00,0:00,0:00,0:00,광주광역시 동구 밤실로 38,동구,126.937185592732,35.1509809404015
서석동 KT뒤쪽 담장(삼미관 앞),공영,광주광역시 동구 백서로 189번길,광주광역시 동구 서석동21-10,8,무료,0:00,0:00,0:00,0:00,0:00,0:00,광주광역시 동구 백서로 189번길,동구,126.924176318763,35.1452733801861
서석교회 옆,공영,광주광역시 동구 백서로 226-1,광주광역시 동구 동명동 142-34,7,무료,0:00,0:00,0:00,0:00,0:00,0:00,광주광역시 동구 백서로 226-1,동구,126.92690860531,35.147926053036
"서남동 제1,2주차장",공영,광주광역시 동구 백서로153번길 12-9,"광주광역시 동구 서석동117-1,118-1",10,무료,0:00,0:00,0:00,0:00,0:00,0:00,광주광역시 동구 백서로153번길 12-9,동구,,
서남동 제3주차장,공영,광주광역시 동구 백서로174번길 7,광주광역시 동구 서석동471-17,5,무료,0:00,0:00,0:00,0:00,0:00,0:00,광주광역시 동구 백서로174번길 7,동구,126.924832529815,35.1436232154818
서석동 드림원룸주차장,공영,광주광역시 동구 서남로 15-1,광주광역시 동구 서석동 28-3,14,무료,0:00,0:00,0:00,0:00,0:00,0:00,광주광역시 동구 서남로 15-1,동구,126.923510623448,35.1451857100128
서석동 공영주차장,공영,광주광역시 동구 서남로 22,광주광역시 동구 서석동 25-3,28,유료,8:00,18:00,8:00,18:00,8:00,18:00,광주광역시 동구 서남로 22,동구,126.923991662984,35.1446483504941
국립아시아문화전당 B주차장,공영,광주광역시 동구 서석동 문화전당로26번길 18,광주광역시 동구 광산동 113,249,유료,0:00,0:00,0:00,0:00,0:00,0:00,광주광역시 동구 서석동 문화전당로26번길 18,동구,126.921484647615,35.1454189485103
서남동 공영 제4주차장,공영,광주광역시 동구 서석동 백서로189번길 13,광주광역시 동구 서석동 28-3,14,무료,1:00,0:00,0:00,0:00,0:00,0:00,광주광역시 동구 서석동 백서로189번길 13,동구,,
황금주차빌딩,공영,광주광역시 동구 서석로 29-2,광주광역시 동구 황금동 80,301,유료,7:30,0:30,7:30,0:30,0:00,0:00,광주광역시 동구 서석로 29-2,동구,126.916806643394,35.1463862328387
성촌마을,공영,광주광역시 동구 성촌길5번길 25-2,광주광역시 동구 운림동 251,4,무료,0:00,0:00,0:00,0:00,0:00,0:00,광주광역시 동구 성촌길5번길 25-2,동구,126.952954474502,35.1364216289472
그린빌라 앞,공영,광주광역시 동구 소태길 22-3,광주광역시 동구 소태동 206,18,무료,0:00,0:00,0:00,0:00,0:00,0:00,광주광역시 동구 소태길 22-3,동구,126.93518429984,35.1203589603846
소태동 지원3구역,공영,광주광역시 동구 소태길 35-10,광주광역시 동구 소태동 304,19,무료,0:00,0:00,0:00,0:00,0:00,0:00,광주광역시 동구 소태길 35-10,동구,126.936354417805,35.1211868534943
증심사 이주단지 공영주차장,공영,광주광역시 동구 운림동 증심사길30번길 45,광주광역시 동구 운림동 993,77,무료,0:00,0:00,0:00,0:00,0:00,0:00,광주광역시 동구 운림동 증심사길30번길 45,동구,126.958708632194,35.1326559371185
증심사지구 주차장,공영,광주광역시 동구 의재로 216,광주광역시 동구 운림동 422-1번지,448,무료,0:00,0:00,0:00,0:00,0:00,0:00,광주광역시 동구 의재로 216,동구,126.95101658998,35.1335241500643
성촌부락,공영,광주광역시 동구 의재로 231,광주광역시 동구 운림동 321-9,13,무료,0:00,0:00,0:00,0:00,0:00,0:00,광주광역시 동구 의재로 231,동구,126.952419266121,35.1341013110625
학운동주민센터 앞,공영,광주광역시 동구 의재로 53,광주광역시 동구 의재로 (학동 720-10),2,무료,0:00,0:00,0:00,0:00,0:00,0:00,광주광역시 동구 의재로 53,동구,126.933545575024,35.1324721407214
소태동 지원 4구역 제1주차장,공영,광주광역시 동구 의재로88번길 20,광주광역시 동구 소태동 725-1,19,무료,0:00,0:00,0:00,0:00,0:00,0:00,광주광역시 동구 의재로88번길 20,동구,126.937114282365,35.130689435008
중앙도서관 공영주차장,공영,광주광역시 동구 장동로 23-16,광주광역시 동구 동명동 143-14,폐지(18),무료,0:00,0:00,0:00,0:00,0:00,0:00,광주광역시 동구 장동로 23-16,동구,126.925298616685,35.1483819711594
국립아시아문화전당 부설주차장,공영,광주광역시 동구 제봉로 110번길 10,광주광역시 동구 장동 99,628,유료,0:00,0:00,0:00,0:00,0:00,0:00,광주광역시 동구 제봉로 110번길 10,동구,126.923386811748,35.1475574741817
궁동공영주차장,공영,광주광역시 동구 제봉로 153-4,광주광역시 동구 궁동15번지,35,유료,8:00,20:00,-,-,-,-,광주광역시 동구 제봉로 153-4,동구,126.919416115652,35.1509614120044
전여고 후문앞 공영주차장,공영,광주광역시 동구 제봉로158번길 8,광주광역시 동구 장동 139,69,유료,8:00,20:00,8:00,20:00,8:00,20:00,광주광역시 동구 제봉로158번길 8,동구,126.920400501517,35.1508773347737
남광주시장 광장주차장,공영,광주광역시 동구 제봉로17번길 9-9,광주광역시 동구 학동55번지,60,유료,6:00,19:00,6:00,19:00,6:00,19:00,광주광역시 동구 제봉로17번길 9-9,동구,126.92208667674,35.1394223054437
대인시장 제2주차장,공영,광주광역시 동구 제봉로194번길 10,광주광역시 동구 대인동309-3,39,유료,9:00,18:00,9:00,18:00,9:00,18:00,광주광역시 동구 제봉로194번길 10,동구,126.917149878197,35.1541018458335
대인시장 제1주차장,공영,광주광역시 동구 제봉로194번길 7-1,광주광역시 동구 대인동310-9,23,유료,9:00,18:00,9:00,18:00,9:00,18:00,광주광역시 동구 제봉로194번길 7-1,동구,,
대인동 광주우체국 옆,공영,광주광역시 동구 제봉로213번길 8,광주광역시 동구 대인동 16-13,8,무료,0:00,0:00,0:00,0:00,0:00,0:00,광주광역시 동구 제봉로213번길 8,동구,126.913537210001,35.1541485359378
서석동 KT 앞,공영,광주광역시 동구 제봉로82번길 16,광주광역시 동구 서석동 31-9,6,무료,0:00,0:00,0:00,0:00,0:00,0:00,광주광역시 동구 제봉로82번길 16,동구,126.923597805404,35.1464233343317
광산교회 앞,공영,광주광역시 동구 제봉로98번길 11-3,광주광역시 동구 장동 101-21,14,무료,0:00,0:00,0:00,0:00,0:00,0:00,광주광역시 동구 제봉로98번길 11-3,동구,126.922833835196,35.1476672696337
이마트 옆 일방로,공영,광주광역시 동구 중앙로 358,광주광역시 동구 계림동 100-11,12,무료,0:00,0:00,0:00,0:00,0:00,0:00,광주광역시 동구 중앙로 358,동구,126.920160565084,35.1636058188387
계림구시청뒷길,공영,광주광역시 동구 중흥로213번길 366,광주광역시 동구 계림동 533-1~533-15,12,무료,0:00,0:00,0:00,0:00,0:00,0:00,광주광역시 동구 중흥로213번길 366,동구,,
학운동 주차장,공영,광주광역시 동구 증심천로33번길 2-1,광주광역시 동구 학동 813-2,6,무료,0:00,0:00,0:00,0:00,0:00,0:00,광주광역시 동구 증심천로33번길 2-1,동구,126.933347926556,35.1306388387457
힐링가든 지산동 제2주차장,공영,광주광역시 동구 지산로85번길 12,광주광역시 동구 지산동 713-24 ,8,무료,0:00,0:00,0:00,0:00,0:00,0:00,광주광역시 동구 지산로85번길 12,동구,126.931931500204,35.1515597508039
지산2동주민센터 소규모주차장,공영,광주광역시 동구 지호로 51,광주광역시 동구 지산동 232-46,3,무료,0:00,0:00,0:00,0:00,0:00,0:00,광주광역시 동구 지호로 51,동구,126.93449254979,35.1479763597677
단사공원 주변,공영,광주광역시 동구 지호로 98번길,광주광역시 동구 지산동 218-31,48,무료,0:00,0:00,0:00,0:00,0:00,0:00,광주광역시 동구 지호로 98번길,동구,126.939421784736,35.147986135207
지산유원지 공영주차장,공영,광주광역시 동구 지호로124번길 10,광주광역시 동구 지산동 105 ,62,무료,0:00,0:00,0:00,0:00,0:00,0:00,광주광역시 동구 지호로124번길 10,동구,126.942624132716,35.1487797199562
지산동 사회복지관 앞,공영,광주광역시 동구 지호로164번길 14-10 무등산관광호텔,광주광역시 동구 지산동 산 63-1,12,무료,0:00,0:00,0:00,0:00,0:00,0:00,광주광역시 동구 지호로164번길 14-10 무등산관광호텔,동구,126.946834844587,35.1487597375332
지산동 회전교차로 부근,공영,광주광역시 동구 지호로70번길 9,광주광역시 동구 지산동 702-12,10,무료,0:00,0:00,0:00,0:00,0:00,0:00,광주광역시 동구 지호로70번길 9,동구,126.937240200346,35.1471809204976
풍향어린이공원 옆,공영,광주광역시 동구 참판로 20번길 1,광주광역시 동구 계림동 1724,6,무료,0:00,0:00,0:00,0:00,0:00,0:00,광주광역시 동구 참판로 20번길 1,동구,126.92807777658,35.1611564671825
영천교회주변,공영,광주광역시 동구 참판로 25-1,광주광역시 동구 계림동 1513,19,무료,0:00,0:00,0:00,0:00,0:00,0:00,광주광역시 동구 참판로 25-1,동구,126.928030197067,35.1615915250113
호남동공영주차장,공영,광주광역시 동구 천변우로 365,광주광역시 동구 호남동 16,193,유료,8:00,22:00,8:00,22:00,8:00,22:00,광주광역시 동구 천변우로 365,동구,126.911437787559,35.1480956450705
소태동 공영주차장,공영,광주광역시 동구 천변좌로 608,광주광역시 동구 소태동 우영타워,24,무료,0:00,0:00,0:00,0:00,0:00,0:00,광주광역시 동구 천변좌로 608,동구,126.927974496797,35.1285179198596
칠전주차장,공영,광주광역시 동구 칠전길 68,광주광역시 동구 월남동 476-1 (자비정사 앞),8,무료,0:00,0:00,0:00,0:00,0:00,0:00,광주광역시 동구 칠전길 68,동구,126.927614935944,35.1048564013701
두암타운 옹벽,공영,광주광역시 동구 필문대로 137번길,광주광역시 동구 산수동 537,20,무료,0:00,0:00,0:00,0:00,0:00,0:00,광주광역시 동구 필문대로 137번길,동구,126.932105840058,35.1584851790661
조선대학교 치대,공영,광주광역시 동구 필문대로 303,광주광역시 동구 서석동 421,150,무료,0:00,0:00,0:00,0:00,0:00,0:00,광주광역시 동구 필문대로 303,동구,126.926783624612,35.1444791714055
산수2동주민센터 소규모주차장,공영,광주광역시 동구 필문대로187번길 27,광주광역시 동구 산수동 511-42,18,무료,0:00,0:00,0:00,0:00,0:00,0:00,광주광역시 동구 필문대로187번길 27,동구,,
산수1동(산수시장),공영,광주광역시 동구 필문대로192번길 28-1,광주광역시 동구 산수동 559-35번지 주변,32,무료,0:00,0:00,0:00,0:00,0:00,0:00,광주광역시 동구 필문대로192번길 28-1,동구,126.928290789702,35.1534348242725
산수동 놀이터 앞,공영,광주광역시 동구 필문대로205번길 12-1,광주광역시 동구 지산동 713-1,8,무료,0:00,0:00,0:00,0:00,0:00,0:00,광주광역시 동구 필문대로205번길 12-1,동구,126.93236990379,35.1519956238984
산수동 동구 국민체육센터,공영,광주광역시 동구 필문대로205번길 17,광주광역시 동구 산수동 519-4,18,무료,0:00,0:00,0:00,0:00,0:00,0:00,광주광역시 동구 필문대로205번길 17,동구,126.932742012176,35.1523134704979
동구체육센터 부근,공영,광주광역시 동구 필문대로205번길 9,광주광역시 동구 산수동 520-10,5,무료,0:00,0:00,0:00,0:00,0:00,0:00,광주광역시 동구 필문대로205번길 9,동구,,
금호장례식장 부근,공영,광주광역시 동구 학동 901-73,광주광역시 동구 학동 901-73,3,무료,0:00,0:00,0:00,0:00,0:00,0:00,광주광역시 동구 학동 901-73,동구,126.926933206715,35.1321859374367
남광주시장 지하주차장,공영,광주광역시 동구 학동55번지,광주광역시 동구 제봉로17번길 9-9,71,유료,6:00,19:00,6:00,19:00,6:00,19:00,광주광역시 동구 학동55번지,동구,126.921765322838,35.1391467321841
삼성전자대리점 뒤,공영,광주광역시 동구 학동길 12,광주광역시 동구 학동1길 (학동 649-44 ~ 학동 890-9),14,무료,0:00,0:00,0:00,0:00,0:00,0:00,광주광역시 동구 학동길 12,동구,,
지원2동(진아하이빌 앞),공영,광주광역시 동구 학소로 37,광주광역시 동구 소태동 443-15번지 주변,20,무료,0:00,0:00,0:00,0:00,0:00,0:00,광주광역시 동구 학소로 37,동구,126.934651234394,35.1233977168217
지원1동(옛 지원중 앞),공영,광주광역시 동구 학소로62번길 7,광주광역시 동구 소태동 490-2,16,무료,0:00,0:00,0:00,0:00,0:00,0:00,광주광역시 동구 학소로62번길 7,동구,126.935891553864,35.1266701526262
소태동 대주빌라 주변,공영,광주광역시 동구 학소로86번안길 10,광주광역시 동구 소태동 700-2,5,무료,0:00,0:00,0:00,0:00,0:00,0:00,광주광역시 동구 학소로86번안길 10,동구,126.934848906696,35.129073535062
홍림교 부근,공영,광주광역시 동구 학소로86번안길 23,광주광역시 동구 소태동 723-1,4,무료,0:00,0:00,0:00,0:00,0:00,0:00,광주광역시 동구 학소로86번안길 23,동구,126.935615360919,35.1300748192103
용산체육공원1,공영,광주광역시 동구 화산로 318-26,광주광역시 동구 용산동 151,62,무료,0:00,0:00,0:00,0:00,0:00,0:00,광주광역시 동구 화산로 318-26,동구,126.93278441106,35.1174236183317
용산체육공원2,공영,광주광역시 동구 화산로 318-26,광주광역시 동구 용산동 151,19,무료,0:00,0:00,0:00,0:00,0:00,0:00,광주광역시 동구 화산로 318-26,동구,126.93278441106,35.1174236183317
지원2동 주민센터 옆길,공영,광주광역시 동구 화산로 361,광주광역시 동구 용산동 269-1 지원2동주민센터,21,무료,0:00,0:00,0:00,0:00,0:00,0:00,광주광역시 동구 화산로 361,동구,126.932841797556,35.1204818933072
화산주차장,공영,광주광역시 동구 화산로238번길 16,광주광역시 동구 용산동 405 (화산마을회관 앞),22,무료,0:00,0:00,0:00,0:00,0:00,0:00,광주광역시 동구 화산로238번길 16,동구,126.921514380372,35.1155803123101
용강공영주차장,공영,광주광역시 동구 화산로337번길 1,광주광역시 동구 용산동 227,18,무료,0:00,0:00,0:00,0:00,0:00,0:00,광주광역시 동구 화산로337번길 1,동구,126.930929221462,35.1193031846713
동산타워 앞,공영,광주광역시 동구 화산로350번길 18,광주광역시 동구 용산동 636-142,15,무료,0:00,0:00,0:00,0:00,0:00,0:00,광주광역시 동구 화산로350번길 18,동구,126.932268874033,35.1185517510747
우체국보험광주회관 주차장(국민건강보험공단 광주서부지사),공영,광주광역시 서구 상무중앙로 110,광주광역시 서구 치평동 1213,40,무료,0:00,0:00,0:00,0:00,0:00,0:00,광주광역시 서구 상무중앙로 110,서구,126.848904172794,35.1565802271515
한국토지주택공사 광주전남지역본부 주차장,공영,광주광역시 서구 시청로 91,광주광역시 서구 치평동 1210,288,무료,0:00,0:00,0:00,0:00,0:00,0:00,광주광역시 서구 시청로 91,서구,126.850884712845,35.1564900211443
광주학생교육문화회관주차장,공영,광주광역시 서구 상무 민주로 61,광주광역시 서구 쌍촌동 1268,30,유료,0:00,0:00,0:00,0:00,0:00,0:00,광주광역시 서구 상무 민주로 61,서구,126.858584253156,35.15574851044
도시철도공사 주차장,공영,광주광역시 서구 상무대로 760,광주광역시 서구 마륵동 165-27 ,288,유료,0:00,0:00,0:00,0:00,0:00,0:00,광주광역시 서구 상무대로 760,서구,126.847724112722,35.1455648530012
전남로컬푸드직매장 주차장,공영,광주광역시 서구 화정로 312,광주광역시 서구 농성동 630-15,10,유료,0:00,0:00,0:00,0:00,0:00,0:00,광주광역시 서구 화정로 312,서구,,
대동고등학교주차장,공영,광주광역시 서구 전평길 50,광주광역시 서구 매월동 521-4,24,무료,0:00,0:00,0:00,0:00,0:00,0:00,광주광역시 서구 전평길 50,서구,126.84955883148,35.1193702099954
상무1동원룸촌 주차장,공영,광주광역시 서구 상무오월로 21,광주광역시 서구 쌍촌동 1287-1,27,무료,0:00,0:00,0:00,0:00,0:00,0:00,광주광역시 서구 상무오월로 21,서구,126.861619900777,35.1556650343632
양동주민센터 주차장 ,공영,광주광역시 서구 천변좌로 222번길 3-2,광주광역시 서구 양동 307-36,10,무료,0:00,0:00,0:00,0:00,0:00,0:00,광주광역시 서구 천변좌로 222번길 3-2,서구,126.900876276515,35.1548927370246
상무 시민구역 주차장(B구역),공영,광주광역시 서구 상무공원로 101 ,광주광역시 서구 치평동 1162,24,무료,0:00,0:00,0:00,0:00,0:00,0:00,광주광역시 서구 상무공원로 101 ,서구,126.841095657464,35.1533933971202
5.18 교육관 주차장,공영,광주광역시 서구 상무누리로 78,광주광역시 서구 치평동 1161-7,102,무료,9:00,18:00,9:00,18:00,휴무,휴무,광주광역시 서구 상무누리로 78,서구,126.839869948745,35.1498287085521
영산강자전거길 안내센터 주차장,공영,광주광역시 서구 서창둑길 377,광주광역시 서구 벽진동 505-1,50,무료,0:00,0:00,0:00,0:00,0:00,0:00,광주광역시 서구 서창둑길 377,서구,126.828760214628,35.1384941403287
금호2동 행정복지센터 주차장,공영,광주광역시 서구 풍금로 135,광주광역시 서구 금호동 811-1,11,무료,0:00,0:00,0:00,0:00,0:00,0:00,광주광역시 서구 풍금로 135,서구,126.857151828242,35.1289627883664
상무2동 행정복지센터 주차장,공영,광주광역시 서구 화정로85번길 17,광주광역시 서구 쌍촌동 1227-6,12,무료,0:00,0:00,0:00,0:00,0:00,0:00,광주광역시 서구 화정로85번길 17,서구,126.866422239115,35.1465642530176
화정4동 행정복지센터 주차장 ,공영,광주광역시 서구 염화로83번길 3,광주광역시 서구 화정동 919-1,15,무료,0:00,0:00,0:00,0:00,0:00,0:00,광주광역시 서구 염화로83번길 3,서구,126.873764522049,35.1418251053658
상록도서관 주차장,공영,광주광역시 서구 상무대로1171번길 11,광주광역시 서구 농성동 311-11,8,무료,0:00,0:00,0:00,0:00,0:00,0:00,광주광역시 서구 상무대로1171번길 11,서구,126.888917756707,35.1552226268398
서구노인종합복지관 주차장,공영,광주광역시 서구 군분2로 55,광주광역시 서구 화정동 23-231,22,무료,0:00,0:00,0:00,0:00,0:00,0:00,광주광역시 서구 군분2로 55,서구,126.880616140858,35.1579717196824
서창동주거환경개선지구 공영주차장,공영,광주광역시 서구 서창길 11-5,광주광역시 서구 서창동 555-1,15,무료,0:00,0:00,0:00,0:00,0:00,0:00,광주광역시 서구 서창길 11-5,서구,126.821172197246,35.1083176056518
농성동주거환경개선지구 공영주차장,공영,광주광역시 서구 월산로 224,광주광역시 서구 농성동 30-10,22,무료,0:00,0:00,0:00,0:00,0:00,0:00,광주광역시 서구 월산로 224,서구,126.891224749492,35.1565188020813
양동복개상가 상부주차장 ,공영,광주광역시 서구 천변좌로 224-1,광주광역시 서구 양동 441,85,유료,9:00,18:30,9:00,18:30,9:00,18:30,광주광역시 서구 천변좌로 224-1,서구,126.901364751881,35.1550941389311
양동산업용품 공영주차장 ,공영,광주광역시 서구 양동 119-1,광주광역시 서구 양동 119-1,44,유료,0:00,0:00,0:00,0:00,0:00,0:00,광주광역시 서구 양동 119-1,서구,126.907284422308,35.1506971105137
양동닭전시장 공영주차장,공영,광주광역시 서구 양동시장2길 32,광주광역시 서구 양동 5-31,82,유료,9:00,18:30,9:00,18:30,9:00,18:30,광주광역시 서구 양동시장2길 32,서구,126.903200541125,35.1522300153145
풍암호수공원 주차장,공영,광주광역시 서구 회재로 973,광주광역시 서구 풍암동 491-5,182,무료,0:00,0:00,0:00,0:00,0:00,0:00,광주광역시 서구 회재로 973,서구,126.869593407998,35.1259667995911
서구어린이생태학습도서관 주차장 ,공영,광주광역시 서구 풍암공원로 8,광주광역시 서구 풍암동 산14-50,50,무료,0:00,0:00,0:00,0:00,0:00,0:00,광주광역시 서구 풍암공원로 8,서구,126.881851928523,35.1297565337036
화정3동 공영주차장,공영,광주광역시 서구 월드컵4강로68번길 21,광주광역시 서구 화정동 818-8,23,무료,0:00,0:00,0:00,0:00,0:00,0:00,광주광역시 서구 월드컵4강로68번길 21,서구,126.876907888393,35.1434549360583
서구국민체육센터 주차장,공영,광주광역시 서구 풍암공원로 20,광주광역시 서구 풍암동 396-19,48,무료,0:00,0:00,0:00,0:00,0:00,0:00,광주광역시 서구 풍암공원로 20,서구,126.88098419785,35.1300457434797
상무1동 행정복지센터 주차장 ,공영,광주광역시 서구 월드컵4강로197번길 20,광주광역시 서구 쌍촌동 333-7,17,무료,0:00,0:00,0:00,0:00,0:00,0:00,광주광역시 서구 월드컵4강로197번길 20,서구,126.867419573099,35.1537886693883
유덕동공용주차장,공영,광주광역시 서구 유덕로 24,광주광역시 서구 유촌동 497-1,40,무료,9:00,18:00,9:00,18:00,9:00,18:00,광주광역시 서구 유덕로 24,서구,126.851826122691,35.1651100562098
농성1동 공용주차장,공영,광주광역시 서구 상무대로1189번길 23,광주광역시 서구 농성동 329-1,28,무료,0:00,0:00,0:00,0:00,0:00,0:00,광주광역시 서구 상무대로1189번길 23,서구,126.889732361263,35.1566614903072
고운하이플러스 공영주차장,공영,광주광역시 서구 화운로99번길 19,광주광역시 서구 화정동 1705,30,무료,0:00,0:00,0:00,0:00,0:00,0:00,광주광역시 서구 화운로99번길 19,서구,126.877568225221,35.1485432472108
향토문화마을 주차장,공영,광주광역시 서구 세동1길 29-1,광주광역시 서구 세하동 682-5,19,무료,0:00,0:00,0:00,0:00,0:00,0:00,광주광역시 서구 세동1길 29-1,서구,126.830343979954,35.115506107633
광주학생교육문화회관 주차장,공영,광주광역시 서구 쌍촌동 1268,광주광역시 서구 쌍촌동 1268,80,무료,0:00,0:00,0:00,0:00,0:00,0:00,광주광역시 서구 쌍촌동 1268,서구,126.857011166171,35.1550694728624
광주환경공단 주차장(상무사업소),공영,광주광역시 서구 내방로 2 광주환경공단주차장(상무사업소),광주광역시 서구 치평동 1163 광주환경공단주차장(상무사업소),45,무료,9:00,18:00,9:00,18:00,0:00,0:00,광주광역시 서구 내방로 2 광주환경공단주차장(상무사업소),서구,126.839715075863,35.1578995458768
동천동 행정복지센터 주차장,공영,광주광역시 서구 유림로98번길 8,광주광역시 서구 동천동 611,14,무료,0:00,0:00,0:00,0:00,0:00,0:00,광주광역시 서구 유림로98번길 8,서구,126.864731999931,35.1708526504747
풍암동 행정복지센터 주차장,공영,광주광역시 서구 풍암1로 27,광주광역시 서구 풍암동 1125,7,무료,0:00,0:00,0:00,0:00,0:00,0:00,광주광역시 서구 풍암1로 27,서구,126.878683706964,35.1247556117979
유덕동주민센터 주차장,공영,광주광역시 서구 유덕로 24,광주광역시 서구 유촌동 497-1,26,무료,0:00,0:00,0:00,0:00,0:00,0:00,광주광역시 서구 유덕로 24,서구,126.851826122691,35.1651100562098
양동 현장민원실 주차장,공영,광주광역시 서구 독립로200번길 7,광주광역시 서구 양동 96-4,12,무료,0:00,0:00,0:00,0:00,0:00,0:00,광주광역시 서구 독립로200번길 7,서구,126.906907039773,35.1500929095124
5.18기념문화관 주차장,공영,광주광역시 서구 쌍촌동 1268,광주광역시 서구 쌍촌동 1268,95,무료,0:00,0:00,0:00,0:00,0:00,0:00,광주광역시 서구 쌍촌동 1268,서구,126.857011166171,35.1550694728624
양동 주민센터 주차장 ,공영,광주광역시 서구 천변좌로222번길 3-2,광주광역시 서구 양동 307-36,10,무료,0:00,0:00,0:00,0:00,0:00,0:00,광주광역시 서구 천변좌로222번길 3-2,서구,126.900876276515,35.1548927370246
치평동 주민센터 주차장,공영,광주광역시 서구 상무공원로 62 치평동주민센터,광주광역시 서구 치평동 1171-11,6,무료,0:00,0:00,0:00,0:00,0:00,0:00,광주광역시 서구 상무공원로 62 치평동주민센터,서구,126.843332531403,35.1499089492512
양3동 주민센터 주차장,공영,광주광역시 서구 상무대로1223번길 16,광주광역시 서구 양동 408-4,10,무료,0:00,0:00,0:00,0:00,0:00,0:00,광주광역시 서구 상무대로1223번길 16,서구,126.894000735493,35.1575228532622
서구장애인복지관 주차장,공영,광주광역시 서구 경열로 127,광주광역시 서구 양동 288-6,28,무료,0:00,0:00,0:00,0:00,0:00,0:00,광주광역시 서구 경열로 127,서구,126.899186569933,35.153371920256
농성동주거환경개선지구 공영주차장,공영,광주광역시 서구 월산로 224,광주광역시 서구 농성동 30-10,7,무료,0:00,0:00,0:00,0:00,0:00,0:00,광주광역시 서구 월산로 224,서구,126.891224749492,35.1565188020813
유덕동주거환경개선지구 공영주차장,공영,광주광역시 서구 유촌동 유덕로28번길 18,광주광역시 서구 유촌동 148,7,무료,0:00,0:00,0:00,0:00,0:00,0:00,광주광역시 서구 유촌동 유덕로28번길 18,서구,126.852981639429,35.165458937457
서창동 주민센터 주차장,공영,광주광역시 서구 눌재로 412 서창동주민센터,광주광역시 서구 세하동 553-1 서창동주민센터,9,무료,0:00,0:00,0:00,0:00,0:00,0:00,광주광역시 서구 눌재로 412 서창동주민센터,서구,126.830290559787,35.1144997489722
화정3동 주민자치센터 주차장,공영,광주광역시 서구 월드컵4강로68번길 21,광주광역시 서구 화정동 818-8,16,무료,0:00,0:00,0:00,0:00,0:00,0:00,광주광역시 서구 월드컵4강로68번길 21,서구,126.876907888393,35.1434549360583
광천동 주민센터 주차장,공영,광주광역시 서구 광천2길 9,광주광역시 서구 광천동 206-14,21,무료,0:00,0:00,0:00,0:00,0:00,0:00,광주광역시 서구 광천2길 9,서구,126.880161304525,35.1644915198533
상무시민공원주차장,공영,광주광역시 서구 상무공원로 101 5.18시민공원,광주광역시 서구 치평동 1162 5.18시민공원,250,무료,0:00,0:00,0:00,0:00,0:00,0:00,광주광역시 서구 상무공원로 101 5.18시민공원,서구,,
농성2동 주민센터 주차장,공영,광주광역시 서구 농성동 630-11,광주광역시 서구 농성동 630-11,20,무료,0:00,0:00,0:00,0:00,0:00,0:00,광주광역시 서구 농성동 630-11,서구,126.890254650842,35.1503858846624
풍암생활체육공원 주차장,공영,광주광역시 서구 회재로 1111,광주광역시 서구 풍암동 32-26,65,무료,0:00,0:00,0:00,0:00,0:00,0:00,광주광역시 서구 회재로 1111,서구,126.882565677336,35.1304913879097
화정1동 주민센터 주차장 ,공영,광주광역시 서구 내방로338번길 11,광주광역시 서구 화정동 71-81,11,무료,0:00,0:00,0:00,0:00,0:00,0:00,광주광역시 서구 내방로338번길 11,서구,126.877720719698,35.1563500807589
금호1동 행정복지센터 주차장,공영,광주광역시 서구 운천로31번길 17,광주광역시 서구 금호동 747-8,20,무료,0:00,0:00,0:00,0:00,0:00,0:00,광주광역시 서구 운천로31번길 17,서구,126.857148429404,35.1351809261176
염주종합체육관 주차장,공영,광주광역시 서구 금화로 278,광주광역시 서구 풍암동 423-2,214,무료,6:00,22:00,6:00,22:00,6:00,22:00,광주광역시 서구 금화로 278,서구,126.879159156444,35.1366611132602
전천후테니스장 주차장,공영,광주광역시 서구 금화로 278,광주광역시 서구 풍암동 423-2,30,무료,0:00,0:00,0:00,0:00,0:00,0:00,광주광역시 서구 금화로 278,서구,126.879159156444,35.1366611132602
빛고을체육관 주차장,공영,광주광역시 서구 금화로 278,광주광역시 서구 풍암동 423-2,42,무료,0:00,0:00,0:00,0:00,0:00,0:00,광주광역시 서구 금화로 278,서구,126.879159156444,35.1366611132602
보건환경 연구원 주차장,공영,광주광역시 서구 화정로 149 광주광역시보건환경연구원,광주광역시 서구 화정동 898 광주광역시보건환경연구원,56,무료,0:00,0:00,0:00,0:00,0:00,0:00,광주광역시 서구 화정로 149 광주광역시보건환경연구원,서구,126.873808195777,35.145735346377
전라남도 농수산물 직판장 주차장,공영,광주광역시 서구 화정로 312,광주광역시 서구 농성동 630-15,20,무료,8:00,23:00,8:00,23:00,8:00,23:00,광주광역시 서구 화정로 312,서구,,
서구 문화센터 주차장 ,공영,광주광역시 서구 마재로 3,광주광역시 서구 금호동 789,50,무료,0:00,0:00,0:00,0:00,0:00,0:00,광주광역시 서구 마재로 3,서구,126.860323375607,35.1308257267828
화정2동 주민센터 주차장,공영,광주광역시 서구 화정동 화운로 94,광주광역시 서구 화정동 1611,27,무료,0:00,0:00,0:00,0:00,0:00,0:00,광주광역시 서구 화정동 화운로 94,서구,126.880734091653,35.1483693774046
금호동 공영주차장,공영,광주광역시 서구 금호동 금화로73번길 2,광주광역시 서구 금호동 764,50,무료,0:00,0:00,0:00,0:00,0:00,0:00,광주광역시 서구 금호동 금화로73번길 2,서구,,
양동공영주차장,공영,광주광역시 서구 독립로194번길 2-1,광주광역시 서구 양동 80-1,8,무료,0:00,0:00,0:00,0:00,0:00,0:00,광주광역시 서구 독립로194번길 2-1,서구,126.905975929569,35.149939139524
계수마을 공영주차장,공영,광주광역시 서구 상무민주로123번길 9-5,광주광역시 서구 쌍촌동 1328-9,16,무료,0:00,0:00,0:00,0:00,0:00,0:00,광주광역시 서구 상무민주로123번길 9-5,서구,126.858429956943,35.1612516673366
영화아파트 앞 공영주차장,공영,광주광역시 서구 화운로 203,광주광역시 서구 화정동 100,17,무료,0:00,0:00,0:00,0:00,0:00,0:00,광주광역시 서구 화운로 203,서구,126.876704111238,35.1570595019914
치평동 공영주차장,공영,광주광역시 서구 상무화원로 31,광주광역시 서구 치평동 1308-1,40,유료,9:00,22:00,9:00,22:00,9:00,22:00,광주광역시 서구 상무화원로 31,서구,,
광주광역시 일가정양립지원본부 주차장,공영,광주광역시 서구 상무자유로 73 광주여성발전센터,광주광역시 서구 치평동 1162,60,무료,0:00,0:00,0:00,0:00,0:00,0:00,광주광역시 서구 상무자유로 73 광주여성발전센터,서구,126.842220211165,35.1522186826516
5.18자유공원 주차장 ,공영,광주광역시 서구 상무평화로 13,광주광역시 서구 치평동 1161-6,56,무료,0:00,0:00,0:00,0:00,0:00,0:00,광주광역시 서구 상무평화로 13,서구,126.839650001578,35.1493919791769
김대중컨벤션센터 주차장,공영,광주광역시 서구 상무누리로 30,광주광역시 서구 치평동 1159-2,"1,502",유료,0:00,0:00,0:00,0:00,0:00,0:00,광주광역시 서구 상무누리로 30,서구,126.840480480885,35.1467770575479
광주도시철도공사 주차장(본사),공영,광주광역시 서구 상무대로 760,광주광역시 서구 마륵동 165-27,286,무료,0:00,0:00,0:00,0:00,0:00,0:00,광주광역시 서구 상무대로 760,서구,126.847724112722,35.1455648530012
광주광역시 서구청 민원인주차장,공영,광주광역시 서구 경열로 33,광주광역시 서구 농성동 299 ,207,무료,0:00,0:00,0:00,0:00,0:00,0:00,광주광역시 서구 경열로 33,서구,126.890112188537,35.1520290256721
월드컵경기장 주차장,공영,광주광역시 서구 금화로 240,광주광역시 서구 금화로 240,"2,127",무료,0:00,0:00,0:00,0:00,0:00,0:00,광주광역시 서구 금화로 240,서구,126.874829928048,35.1336460778946
서부시장 공영주차장,공영,광주광역시 서구 화정동 상무대로 1050,광주광역시 서구 화정동 779-1,39,유료,0:00,0:00,0:00,0:00,0:00,0:00,광주광역시 서구 화정동 상무대로 1050,서구,126.876580017858,35.1519474940938
서동공영주차장,공영,광주광역시 남구 서동로2번길 7,광주광역시 남구 서동 66-9(사직동),8,무료,0:00,0:00,0:00,0:00,0:00,0:00,광주광역시 남구 서동로2번길 7,,126.904383219286,35.1442155118169
월산4동공영주차장,공영,광주광역시 남구 월산동 대남대로390번길 10,광주광역시 남구 월산동 948-14 (월산4동),15,무료,0:00,0:00,0:00,0:00,0:00,0:00,광주광역시 남구 월산동 대남대로390번길 10,,126.891141367795,35.1465256153752
방림2동공영주차장,공영,,광주광역시 남구 방림동 2-53 (방림2동),17,무료,0:00,0:00,0:00,0:00,0:00,0:00,광주광역시 남구 방림동 2-53 (방림2동),,126.925086857293,35.1306094068703
양림동공영주차장,공영,광주광역시 남구 서서평길 20,광주광역시 남구 양림동 151-2(양림동),9,무료,0:00,0:00,0:00,0:00,0:00,0:00,광주광역시 남구 서서평길 20,,126.914922912194,35.1411728007547
주월동공영주차장,공영,,광주광역시 남구 주월동 974-145 (주월2동),58,무료,0:00,0:00,0:00,0:00,0:00,0:00,광주광역시 남구 주월동 974-145 (주월2동),,126.894219298151,35.13510024326
압촌동공영주차장,공영,,광주광역시 남구 압촌동 90-7(압촌동),19,무료,0:00,0:00,0:00,0:00,0:00,0:00,광주광역시 남구 압촌동 90-7(압촌동),,126.837599326312,35.0933525196358
(구)양림동주민센터,공영,광주광역시 남구 양림동 3·1만세운동길 6,광주광역시 남구 양림동 93-33 (양림동),7,무료,0:00,0:00,0:00,0:00,0:00,0:00,광주광역시 남구 양림동 3·1만세운동길 6,,126.915664600687,35.1369072609304
백운2동 공영주차장,공영,,광주광역시 남구 백운동 621-19(백운2동),8,무료,0:00,0:00,0:00,0:00,0:00,0:00,광주광역시 남구 백운동 621-19(백운2동),,126.902523357686,35.1361614408195
수박등로공영주차장,공영,광주광역시 남구 대남대로308번길 32,광주광역시 남구 월산동614-4번지 (월산5동),20,무료,0:00,0:00,0:00,0:00,0:00,0:00,광주광역시 남구 대남대로308번길 32,,126.89693495633,35.1414605229978
(구)보훈병원주차장,공영,광주광역시 남구 서문대로824번길 10,광주광역시 남구 주월동 1156-10,113,무료,0:00,0:00,0:00,0:00,0:00,0:00,광주광역시 남구 서문대로824번길 10,,126.901136513672,35.1311911025908
부엉이주차장,공영,,광주광역시 남구 주월동486-9(주월1동),11,무료,0:00,0:00,0:00,0:00,0:00,0:00,광주광역시 남구 주월동486-9(주월1동),,126.89535635132,35.1321101471973
봉선1동공영주차장,공영,광주광역시 남구 봉선중앙로123번길 21,광주광역시 남구 봉선동 1118-2(봉선1동),36,무료,0:00,0:00,0:00,0:00,0:00,0:00,광주광역시 남구 봉선중앙로123번길 21,,126.908165463094,35.131832003552
월산동공영주차장,공영,,광주광역시 남구 월산동 187-11(월산동),6,무료,0:00,0:00,0:00,0:00,0:00,0:00,광주광역시 남구 월산동 187-11(월산동),,126.900050485539,35.144505589016
백운1동공영주차장,공영,,광주광역시 남구 백운동 604-33(백운동),28,무료,0:00,0:00,0:00,0:00,0:00,0:00,광주광역시 남구 백운동 604-33(백운동),,126.906906511097,35.1373539647216
광주향교공영주차장,공영,,광주광역시 남구 서동 154 외  (사직동),20,무료,0:00,0:00,0:00,0:00,0:00,0:00,광주광역시 남구 서동 154 외  (사직동),,126.908649950189,35.1454175240856
광주공원앞공영주차장,공영,,광주광역시 남구 구동 2-2 (사직동),48,무료,0:00,0:00,0:00,0:00,0:00,0:00,광주광역시 남구 구동 2-2 (사직동),,126.910125529104,35.1479707417194
효덕IC공영주차장,공영,광주광역시 남구 서문대로 551,광주광역시 남구 송하동 29-2 (송하동),109,유료,0:00,0:00,0:00,0:00,0:00,0:00,광주광역시 남구 서문대로 551,,126.892802552352,35.1108941134624
효덕동 주민센터 주차장,공영,광주광역시 남구 화산로 15,광주광역시 남구 진월동 500-1 효덕동주민센터,13,무료,0:00,0:00,0:00,0:00,0:00,0:00,광주광역시 남구 화산로 15,,126.898550315873,35.1124497704166
주월1동 주민센터 주차장,공영,광주광역시 남구 회서로 21번길 13,광주광역시 남구 주월동 493-13,13,무료,0:00,0:00,0:00,0:00,0:00,0:00,광주광역시 남구 회서로 21번길 13,,126.894933789622,35.1313653456304
빛고을cc 주차장,공영,광주광역시 남구 효우로 153,광주광역시 남구 노대동 558-3,120,무료,9:00,22:00,9:00,22:00,9:00,22:00,광주광역시 남구 효우로 153,,126.899115799239,35.1003327130013
남구청소년도서관 주차장,공영,광주광역시 남구 제석로 100,광주광역시 남구 봉선동 510-1,25,무료,9:00,22:00,0:00,0:00,0:00,0:00,광주광역시 남구 제석로 100,,126.907742381961,35.1233707579579
고싸움 테마공원 주차장,공영,광주광역시 남구 고싸움로 2,광주광역시 남구 칠석동 619-1 고싸움,30,무료,0:00,0:00,0:00,0:00,0:00,0:00,광주광역시 남구 고싸움로 2,,126.837516735818,35.0697438137216
사직동 행정복지센터 주차장,공영,광주광역시 남구 서동 147-11,광주광역시 남구 중앙로95번길 14 사직동주민센터,23,무료,0:00,0:00,0:00,0:00,0:00,0:00,광주광역시 남구 서동 147-11,,126.908012192433,35.1457742511463
푸른길 도서관 주차장,공영,광주광역시 남구 금당로 140,광주광역시 남구 주월동 439-1,14,무료,0:00,0:00,0:00,0:00,0:00,0:00,광주광역시 남구 금당로 140,,126.895204924992,35.1292085272471
사직도서관 주차장,공영,광주광역시 남구 제중로 56,광주광역시 남구 양림동 108-8,17,무료,0:00,0:00,0:00,0:00,0:00,0:00,광주광역시 남구 제중로 56,,126.913981057293,35.1395279610249
대촌동주민센터 주차장,공영,광주광역시 남구 포충로 591 대촌동주민센터,광주광역시 남구 지석동 212-1 대촌동주민센터,13,무료,0:00,0:00,0:00,0:00,0:00,0:00,광주광역시 남구 포충로 591 대촌동주민센터,,126.833739635489,35.0812154004543
송암동주민센터 주차장,공영,광주광역시 남구 송암로 66,광주광역시 남구 송하동 373,94,무료,0:00,0:00,0:00,0:00,0:00,0:00,광주광역시 남구 송암로 66,,126.87711166612,35.1115378514481
유안근린공원공영주차장,공영,광주광역시 남구 봉선로 195,광주광역시 남구 봉선동 134,101,무료,0:00,0:00,0:00,0:00,0:00,0:00,광주광역시 남구 봉선로 195,,126.916604698606,35.1231680628197
진월 로컬푸드 주차장,공영,광주광역시 남구 화산로 32,광주광역시 남구 진월동 499-3,30,무료,0:00,0:00,0:00,0:00,0:00,0:00,광주광역시 남구 화산로 32,,126.900829261941,35.1117624714777
남구 청소년수련관 주차장,공영,광주광역시 남구 봉선로 208,광주광역시 남구 봉선동 1068 종합문화예술회관,32,무료,7:00,23:00,7:00,23:00,7:00,23:00,광주광역시 남구 봉선로 208,,126.917404596072,35.1220637174421
빛고을시민문화관 주차장,공영,광주광역시 남구 천변좌로338번길 7,광주광역시 남구 구동 12 서오층석탑,110,무료,8:00,22:00,8:00,22:00,8:00,22:00,광주광역시 남구 천변좌로338번길 7,,126.907896650806,35.1479058826366
빛고을노인건강타운 주차장,공영,광주광역시 남구 덕남길 7,광주광역시 남구 노대동 592,350,무료,8:00,22:00,8:00,22:00,8:00,22:00,광주광역시 남구 덕남길 7,,126.895914495106,35.0994196252406
문화정보도서관 주차장,공영,광주광역시 남구 봉선로 208 종합문화예술회관,광주광역시 남구 봉선2동 1068 종합문화예술회관,32,무료,7:00,23:00,7:00,23:00,7:00,23:00,광주광역시 남구 봉선로 208 종합문화예술회관,,126.917404596072,35.1220637174421
봉선시장 주차장,공영,광주광역시 남구 봉선동 997-9,광주광역시 남구 봉선중앙로91번길 7 두루축산물유통센타,105,유료,0:00,0:00,0:00,0:00,0:00,0:00,광주광역시 남구 봉선동 997-9,,,
무등시장 공영주차장,공영,광주 남구 군분로33번길 5,광주광역시 남구 주월동 974-83,42,유료,9:00,18:00,0:00,0:00,0:00,0:00,광주 남구 군분로33번길 5,,126.894065741535,35.1361576780461
진월동 공영주차장,공영,,광주광역시 남구 진월동 330-1,61,유료,0:00,0:00,0:00,0:00,0:00,0:00,광주광역시 남구 진월동 330-1,,126.895525722043,35.1248366477548
백운동 공영주차장,공영,,광주광역시 남구 백운동 33-27,12,무료,0:00,0:00,0:00,0:00,0:00,0:00,광주광역시 남구 백운동 33-27,,126.90531786869,35.1402118554458
방림동 공영주차장,공영,,광주광역시 남구 방림동 71-7,13,무료,0:00,0:00,0:00,0:00,0:00,0:00,광주광역시 남구 방림동 71-7,,126.921791265136,35.1320993522611
월산5동 공영주차장,공영,,광주광역시 남구 월산5동 1033-36,23,무료,0:00,0:00,0:00,0:00,0:00,0:00,광주광역시 남구 월산5동 1033-36,,126.892945675483,35.1392520625224
방림한국 공영주차장,공영,광주광역시 남구 봉선중길 43,,12,무료,0:00,0:00,0:00,0:00,0:00,0:00,광주광역시 남구 봉선중길 43,,126.915394887183,35.1321403944311
양림역사문화마을 제1공영주차장,공영,광주광역시 남구 양림동 서서평길 7,광주광역시 남구 양림동 202-2,184,유료,0:00,0:00,0:00,0:00,0:00,0:00,광주광역시 남구 양림동 서서평길 7,,126.915568683163,35.1421308594368
용봉천 복개지 공영주차장,공영,광주광역시 북구 호동로12(중흥동),광주광역시 북구 중흥동 2,75,유료,8:00,22:00,8:00,22:00,8:00,22:00,광주광역시 북구 호동로12(중흥동),북구,126.913984188284,35.1748194410958
광주역관사 앞 공영주차장,공영,광주광역시 북구 독립로367번길87(중흥동),광주광역시 북구 중흥동 740-4,45,유료,8:00,22:00,8:00,22:00,8:00,22:00,광주광역시 북구 독립로367번길87(중흥동),북구,126.910658763979,35.1643317185615
동운고가밑 공영주차장,공영,광주광역시 북구 운암동 북문대로 1,광주광역시 북구 운암동 99,62,유료,8:00,22:00,8:00,22:00,8:00,22:00,광주광역시 북구 운암동 북문대로 1,북구,126.884254626522,35.1728359431023
국제도덕협회 앞 공영주차장,공영,광주광역시 북구 금남로 98,광주광역시 북구 누문동 300,18,유료,8:00,22:00,8:00,22:00,8:00,22:00,광주광역시 북구 금남로 98,북구,126.905400045628,35.1561528491958
광주역 경양천 공영주차장,공영,광주광역시 북구 신안동 자미로6번길 27,광주광역시 북구 신안동 159,82,유료,8:00,22:00,8:00,22:00,8:00,22:00,광주광역시 북구 신안동 자미로6번길 27,북구,,
문흥2동 주민센터  앞 공영주차장,공영,광주광역시 북구 문산로 25,광주광역시 북구 문흥동 1010-4,49,유료,0:00,0:00,0:00,0:00,0:00,0:00,광주광역시 북구 문산로 25,북구,126.92191956464,35.1843231299593
신안동 공영주자창,공영,광주광역시 북구 중흥로91번길 14,광주광역시 북구 신안동 120-2,19,유료,0:00,0:00,0:00,0:00,0:00,0:00,광주광역시 북구 중흥로91번길 14,북구,126.904762584687,35.1642689991457
중흥1동쌈지주차장,공영,광주광역시 북구 중가로85번길 35-1,광주광역시 북구 중흥동 715-1,17,무료,0:00,0:00,0:00,0:00,0:00,0:00,광주광역시 북구 중가로85번길 35-1,북구,126.909239681037,35.159846042438
중흥3동쌈지주차장(1),공영,광주광역시 북구 서암대로289번길 21-2,광주광역시 북구 중흥동 802-13,10,무료,0:00,0:00,0:00,0:00,0:00,0:00,광주광역시 북구 서암대로289번길 21-2,북구,126.915626022344,35.1669495799639
중흥3동쌈지주차장(2),공영,광주광역시 북구 향토문화로 14,광주광역시 북구 중흥동 523,9,무료,0:00,0:00,0:00,0:00,0:00,0:00,광주광역시 북구 향토문화로 14,북구,126.916026880789,35.1685601348367
중앙동 쌈지주차장,공영,광주광역시 북구 유동 중가로51번길 29,광주광역시 북구 유동 103-4,8,무료,0:00,0:00,0:00,0:00,0:00,0:00,광주광역시 북구 유동 중가로51번길 29,북구,,
임동쌈지주차장(1),공영,광주광역시 북구 임동 경양로63번길 17,광주광역시 북구 임동 191-3,10,무료,0:00,0:00,0:00,0:00,0:00,0:00,광주광역시 북구 임동 경양로63번길 17,북구,126.899453564201,35.1640053884121
임동쌈지주차장(2),공영,광주광역시 북구 임동 서림로51번길 5,광주광역시 북구 임동 132-25,9,무료,0:00,0:00,0:00,0:00,0:00,0:00,광주광역시 북구 임동 서림로51번길 5,북구,126.893978903655,35.1660587926113
임동쌈지주차장(3),공영,광주광역시 북구 경양로 56-2 ,광주광역시 북구 임동 31-16 ,12,무료,0:00,0:00,0:00,0:00,0:00,0:00,광주광역시 북구 경양로 56-2 ,북구,,
신안동쌈지주차장(1),공영,광주광역시 북구 중흥로83번길 17-8 ,광주광역시 북구 신안동 138-3,12,무료,0:00,0:00,0:00,0:00,0:00,0:00,광주광역시 북구 중흥로83번길 17-8 ,북구,126.903287054367,35.1649067131301
신안동쌈지주차장(2),공영,광주광역시 북구 무등로164번길 28 ,광주광역시 북구 신안동 261-9 ,9,무료,0:00,0:00,0:00,0:00,0:00,0:00,광주광역시 북구 무등로164번길 28 ,북구,,
신안동쌈지주차장(3),공영,광주광역시 북구 무등로154번길 30-1,광주광역시 북구 신안동 260-15,5,무료,0:00,0:00,0:00,0:00,0:00,0:00,광주광역시 북구 무등로154번길 30-1,북구,126.899890440197,35.1650633141335
용봉동쌈지주차장,공영,광주광역시 북구 용주로18번길24-3(용봉동),광주광역시 북구 용봉동 1205-36,9,무료,0:00,0:00,0:00,0:00,0:00,0:00,광주광역시 북구 용주로18번길24-3(용봉동),북구,126.901023962568,35.1803803789724
운암2동쌈지주차장,공영,광주광역시 북구 비엔날레로13번길 28-13 ,광주광역시 북구 운암동 480-26,9,무료,0:00,0:00,0:00,0:00,0:00,0:00,광주광역시 북구 비엔날레로13번길 28-13 ,북구,,
문흥1동쌈지주차장,공영,광주광역시 북구 문흥동 문산로74번길 71,광주광역시 북구 문흥동 987-2,7,무료,0:00,0:00,0:00,0:00,0:00,0:00,광주광역시 북구 문흥동 문산로74번길 71,북구,126.927840675433,35.1873957377075
두암1동쌈지주차장,공영,광주광역시 북구 군왕로117번길 9-1,광주광역시 북구 두암동 853-4,8,무료,0:00,0:00,0:00,0:00,0:00,0:00,광주광역시 북구 군왕로117번길 9-1,북구,,
두암2동쌈지주차장,공영,광주광역시 북구 두리봉길6번길 14 ,광주광역시 북구 두암동 582-7,6,무료,0:00,0:00,0:00,0:00,0:00,0:00,광주광역시 북구 두리봉길6번길 14 ,북구,126.932033105397,35.1758595417072
두암3동쌈지주차장(1),공영,광주광역시 북구 두암동 삼정로3번길 25,광주광역시 북구 두암동 283-1,18,무료,0:00,0:00,0:00,0:00,0:00,0:00,광주광역시 북구 두암동 삼정로3번길 25,북구,126.934755114924,35.163017317387
두암3동쌈지주차장(2),공영,광주광역시 북구 밤실로191번길 5-3,광주광역시 북구 두암동 304-54,11,무료,0:00,0:00,0:00,0:00,0:00,0:00,광주광역시 북구 밤실로191번길 5-3,북구,126.933462585054,35.1640715648696
삼각동 쌈지주차장,공영,광주광역시 북구 삼각동 송해로 8,광주광역시 북구 삼각동 820-2,8,무료,0:00,0:00,0:00,0:00,0:00,0:00,광주광역시 북구 삼각동 송해로 8,북구,126.901775133137,35.1993370214766
매곡동 쌈지주차장,공영,광주광역시 북구 매곡로69번길 37 ,광주광역시 북구 매곡동 48,19,무료,0:00,0:00,0:00,0:00,0:00,0:00,광주광역시 북구 매곡로69번길 37 ,북구,126.892057422083,35.1885106979688
오치1동쌈지주차장(1),공영,광주광역시 북구 오치동 오산정길 31,광주광역시 북구 오치동 926-18,7,무료,0:00,0:00,0:00,0:00,0:00,0:00,광주광역시 북구 오치동 오산정길 31,북구,126.908729754814,35.1896031514305
오치1동쌈지주차장(2),공영,광주광역시 북구 오치동 오산정길 16,광주광역시 북구 오치동 939-3,6,무료,0:00,0:00,0:00,0:00,0:00,0:00,광주광역시 북구 오치동 오산정길 16,북구,126.908787499615,35.1884317039328
오치1동쌈지주차장(3),공영,광주광역시 북구 오산정길7번길 36 ,광주광역시 북구 오치동 955-18,7,무료,0:00,0:00,0:00,0:00,0:00,0:00,광주광역시 북구 오산정길7번길 36 ,북구,126.906210022712,35.1878830635141
오치2동쌈지주차장,공영,광주광역시 북구 안산로 38-30,광주광역시 북구 오치동 918-5,18,무료,0:00,0:00,0:00,0:00,0:00,0:00,광주광역시 북구 안산로 38-30,북구,126.903387847737,35.1903971575047
석곡동 쌈지주차장,공영,광주광역시 북구 망월동 석곡로 503,광주광역시 북구 망월동 570,4,무료,0:00,0:00,0:00,0:00,0:00,0:00,광주광역시 북구 망월동 석곡로 503,북구,126.952760296026,35.2043058884383
건국동 쌈지주차장,공영,광주광역시 북구 본촌동 양산택지로79번길 26,광주광역시 북구 본촌동 3034,7,무료,0:00,0:00,0:00,0:00,0:00,0:00,광주광역시 북구 본촌동 양산택지로79번길 26,북구,126.87909802705,35.2140801990307
양산동 쌈지주차장(1),공영,광주광역시 북구 양산동 하서로 225,광주광역시 북구 양산동 620-64,12,무료,0:00,0:00,0:00,0:00,0:00,0:00,광주광역시 북구 양산동 하서로 225,북구,126.87652411261,35.1953950927824
양산동 쌈지주차장(2),공영,광주광역시 북구 양산동 하서로219번길 33,광주광역시 북구 양산동 611-14,7,무료,0:00,0:00,0:00,0:00,0:00,0:00,광주광역시 북구 양산동 하서로219번길 33,북구,126.875661857684,35.1956556932383
양산동 쌈지주차장(3),공영,광주광역시 북구효열로29번길 8-2,광주광역시 북구 양산동 254-66 ,9,무료,0:00,0:00,0:00,0:00,0:00,0:00,광주광역시 북구효열로29번길 8-2,북구,,
중흥1동행정복지센터,공영,광주광역시 북구 중흥로183번길 7,광주광역시 북구 중흥동 650-7,7,무료,0:00,0:00,0:00,0:00,0:00,0:00,광주광역시 북구 중흥로183번길 7,북구,126.913776742751,35.1616852447024
중흥2동행정복지센터(1),공영,광주광역시 북구 우치로1번길 10,광주광역시 북구 중흥동 348-24,9,무료,0:00,0:00,0:00,0:00,0:00,0:00,광주광역시 북구 우치로1번길 10,북구,126.909237984695,35.1682889775185
중흥2동행정복지센터(2),공영,광주광역시 북구 우치로1번길 18-5,광주광역시 북구 중흥동 346-5,15,무료,0:00,0:00,0:00,0:00,0:00,0:00,광주광역시 북구 우치로1번길 18-5,북구,126.908366537892,35.1686764462275
중흥3동행정복지센터,공영,광주광역시 북구 서방로40번길12,광주광역시 북구 중흥동 286-40,10,무료,0:00,0:00,0:00,0:00,0:00,0:00,광주광역시 북구 서방로40번길12,북구,126.917130117119,35.1722873779742
중앙동행정복지센터,공영,광주광역시 북구 금재로 30,광주광역시 북구 유동 14-6,10,무료,0:00,0:00,0:00,0:00,0:00,0:00,광주광역시 북구 금재로 30,북구,126.906578106718,35.1573203931668
임동행정복지센터,공영,광주광역시 북구 서림로 30,광주광역시 북구 임동 110-1,11,무료,0:00,0:00,0:00,0:00,0:00,0:00,광주광역시 북구 서림로 30,북구,126.891632360842,35.1667874473354
신안동행정복지센터,공영,광주광역시 북구 자산로 66,광주광역시 북구 신안동 500-5,23,무료,0:00,0:00,0:00,0:00,0:00,0:00,광주광역시 북구 자산로 66,북구,126.898725968411,35.1674418418727
용봉동행정복지센터,공영,광주광역시 북구 반룡로27번길 36,광주광역시 북구 용봉동 1226-12,24,무료,0:00,0:00,0:00,0:00,0:00,0:00,광주광역시 북구 반룡로27번길 36,북구,126.901942569995,35.180621788215
운암1동행정복지센터,공영,광주광역시 북구 동운로201번길 55 운암1동주민센터,광주광역시 북구 운암동 841-10 ,12,무료,0:00,0:00,0:00,0:00,0:00,0:00,광주광역시 북구 동운로201번길 55 운암1동주민센터,북구,126.874436350379,35.1748665652694
운암2동행정복지센터,공영,광주광역시 북구 죽봉대로 214,광주광역시 북구 운암동 392-1,20,무료,0:00,0:00,0:00,0:00,0:00,0:00,광주광역시 북구 죽봉대로 214,북구,126.885074058485,35.1725483791567
운암3동행정복지센터,공영,광주광역시 북구 운암3동 1054-10,광주광역시 북구 운암동 1054-10,8,무료,0:00,0:00,0:00,0:00,0:00,0:00,광주광역시 북구 운암3동 1054-10,북구,126.874269275552,35.1827763325553
동림동행정복지센터,공영,광주광역시 북구 북문대로 236,광주광역시 북구 동림동 1156-3,15,무료,0:00,0:00,0:00,0:00,0:00,0:00,광주광역시 북구 북문대로 236,북구,126.866603417807,35.1870296490875
우산동행정복지센터,공영,"광주광역시 북구 동문대로 109 2, 3층 우산동 행정복지센터",광주광역시 북구 우산동 208-26 ,0,-,-,-,-,-,-,-,"광주광역시 북구 동문대로 109 2, 3층 우산동 행정복지센터",북구,126.924939655407,35.1731096394852
풍향동행정복지센터,공영,광주광역시 북구 필문대로29번길 10,광주광역시 북구 풍향동 597-8,8,무료,0:00,0:00,0:00,0:00,0:00,0:00,광주광역시 북구 필문대로29번길 10,북구,126.923270187759,35.1644744846813
문화동행정복지센터,공영,광주광역시 북구 군왕로 233 문화동사무소,광주광역시 북구 각화동 224-12 ,8,무료,0:00,0:00,0:00,0:00,0:00,0:00,광주광역시 북구 군왕로 233 문화동사무소,북구,126.936860430269,35.181497976869
문흥1동행정복지센터,공영,광주광역시 북구 대천로 140-3,광주광역시 북구 문흥동 996-6,10,무료,0:00,0:00,0:00,0:00,0:00,0:00,광주광역시 북구 대천로 140-3,북구,126.921631215592,35.1867670594301
문흥2동행정복지센터,공영,광주광역시 북구 문산로 25,광주광역시 북구 문흥동 1010-9,10,무료,0:00,0:00,0:00,0:00,0:00,0:00,광주광역시 북구 문산로 25,북구,126.92191956464,35.1843231299593
두암1동행정복지센터,공영,광주광역시 북구 동문대로110번길 77,광주광역시 북구 두암동 862-13,15,무료,0:00,0:00,0:00,0:00,0:00,0:00,광주광역시 북구 동문대로110번길 77,북구,126.928965257036,35.1710362404623
두암2동행정복지센터,공영,광주광역시 북구 면앙로192번길 15,광주광역시 북구 두암동 825-9,15,무료,0:00,0:00,0:00,0:00,0:00,0:00,광주광역시 북구 면앙로192번길 15,북구,126.93253133196,35.1746015256452
두암3동행정복지센터,공영,광주광역시 북구 삼정로3번길 25,광주광역시 북구 두암동 249,16,무료,0:00,0:00,0:00,0:00,0:00,0:00,광주광역시 북구 삼정로3번길 25,북구,126.934755114924,35.163017317387
삼각동행정복지센터,공영,광주광역시 북구 설죽로 447,광주광역시 북구 삼각동 791-2,11,무료,0:00,0:00,0:00,0:00,0:00,0:00,광주광역시 북구 설죽로 447,북구,126.899522045475,35.1993397698591
일곡동행정복지센터,공영,광주광역시 북구 설죽로 525 일곡동사무소,광주광역시 북구 일곡동 849-5,9,무료,0:00,0:00,0:00,0:00,0:00,0:00,광주광역시 북구 설죽로 525 일곡동사무소,북구,126.897277449153,35.2060291691735
매곡동행정복지센터,공영,광주광역시 북구 매곡로69번길 25 매곡동사무소,광주광역시 북구 매곡동 80 ,7,무료,0:00,0:00,0:00,0:00,0:00,0:00,광주광역시 북구 매곡로69번길 25 매곡동사무소,북구,126.892070319363,35.1896344284488
오치1동행정복지센터,공영,광주광역시 북구 우치로274번길 48 오치1동사무소,광주광역시 북구 오치동 941-22 ,17,무료,0:00,0:00,0:00,0:00,0:00,0:00,광주광역시 북구 우치로274번길 48 오치1동사무소,북구,126.90813247349,35.189102447884
오치2동행정복지센터,공영,광주광역시 북구 서하로183번길 29 오치2동행정복지센터,광주광역시 북구 오치동 861-58 ,24,무료,0:00,0:00,0:00,0:00,0:00,0:00,광주광역시 북구 서하로183번길 29 오치2동행정복지센터,북구,126.900485872631,35.1900461637577
석곡동행정복지센터,공영,광주광역시 북구 석곡로 634,광주광역시 북구 망월동 668-3,14,무료,0:00,0:00,0:00,0:00,0:00,0:00,광주광역시 북구 석곡로 634,북구,126.950043456938,35.2150145738127
건국동행정복지센터,공영,광주광역시 북구 본촌마을길 25,광주광역시 북구 본촌동 378-1,18,무료,0:00,0:00,0:00,0:00,0:00,0:00,광주광역시 북구 본촌마을길 25,북구,126.881646297157,35.2229359594613
양산동행정복지센터,공영,광주광역시 북구 양산택지로 32,광주광역시 북구 양산동 1019,15,무료,0:00,0:00,0:00,0:00,0:00,0:00,광주광역시 북구 양산택지로 32,북구,126.879641909631,35.2091655823031
일곡엘리체 공영주차장,공영,광주광역시 북구 삼각동 설죽로 419,광주광역시 북구 삼각동 산 148-1,46,무료,0:00,0:00,0:00,0:00,0:00,0:00,광주광역시 북구 삼각동 설죽로 419,북구,126.898795598138,35.1968153751512
본촌동 공영주차장,공영,광주광역시 북구 용두택지로 66,광주광역시 북구 본촌동 2931,28,무료,0:00,0:00,0:00,0:00,0:00,0:00,광주광역시 북구 용두택지로 66,북구,126.878884954885,35.2165217451586
삼각동 공영주차장,공영,광주광역시 북구 삼각동 설죽로471번길 12,광주광역시 북구 삼각동 781-3,33,무료,0:00,0:00,0:00,0:00,0:00,0:00,광주광역시 북구 삼각동 설죽로471번길 12,북구,126.898034306937,35.2010338814546
일곡지구 킴스마트 옆 공영주차장,공영,광주광역시 북구 설죽로 495-6(일곡동),광주광역시 북구 일곡동 842-1,80,유료,0:00,0:00,0:00,0:00,0:00,0:00,광주광역시 북구 설죽로 495-6(일곡동),북구,126.897612177101,35.2032300320817
북부소방서 옆 공영주차장,공영,광주광역시 북구 송월로 31(오치동),광주광역시 북구 오치동 1037-2,62,유료,0:00,0:00,0:00,0:00,0:00,0:00,광주광역시 북구 송월로 31(오치동),북구,126.913060688177,35.1865210894507
우산중학교 앞 공영주차장,공영,광주광역시 북구 송월로40번길 1(오치동),광주광역시 북구 오치동 1021-6,56,유료,0:00,0:00,0:00,0:00,0:00,0:00,광주광역시 북구 송월로40번길 1(오치동),북구,126.913504470297,35.1875579657475
문정초교 앞 공영주차장,공영,광주광역시 북구 대천로157번길 11(문흥동),광주광역시 북구 문흥동 957-1,43,유료,0:00,0:00,0:00,0:00,0:00,0:00,광주광역시 북구 대천로157번길 11(문흥동),북구,126.921329315373,35.1883295432959
삼각초교 앞 공영주차장,공영,광주광역시 북구 삼각동 송해로 27,광주광역시 북구 삼각동 809-8,21,유료,0:00,0:00,0:00,0:00,0:00,0:00,광주광역시 북구 삼각동 송해로 27,북구,126.900729049741,35.2010781236158
건축자재의 거리 공영주차장,공영,광주광역시 북구 중흥동 중흥로183번길 7,광주광역시 북구 중흥동 651-3,46,유료,0:00,0:00,0:00,0:00,0:00,0:00,광주광역시 북구 중흥동 중흥로183번길 7,북구,126.913776742751,35.1616852447024
임동 공영주차장,공영,광주광역시 북구 서림로 106(임동),광주광역시 북구 임동 94-68,28,유료,0:00,0:00,0:00,0:00,0:00,0:00,광주광역시 북구 서림로 106(임동),북구,,
효죽(교통지도과) 공영주차장,공영,광주광역시 북구 용봉로138번길 11(중흥동),광주광역시 북구 중흥동 358-3,201,유료,8:00,19:00,0:00,0:00,0:00,0:00,광주광역시 북구 용봉로138번길 11(중흥동),북구,126.911755378671,35.1730958851245
운암어린이공원 지하 공영주차장,공영,광주광역시 북구 북문대로33번길 27-11,광주광역시 북구 운암동 95,56,유료,0:00,0:00,0:00,0:00,0:00,0:00,광주광역시 북구 북문대로33번길 27-11,북구,126.881497190932,35.1739781806201
문화예술회관 공영주차장,공영,광주광역시 북문대로 60,광주광역시 북구 운암동 328-16,434,무료,0:00,0:00,0:00,0:00,0:00,0:00,광주광역시 북문대로 60,,126.881992972331,35.1782094522002
첨단산단 완충녹지 공영주차장,공영,,광주광역시 북구 연제동 1026-1,110,무료,0:00,0:00,0:00,0:00,0:00,0:00,광주광역시 북구 연제동 1026-1,북구,126.860232606109,35.2060299323443
용동봉 제1공영주차장,공영,광주광역시 북구 저불로 47-14(용봉동),광주광역시 북구 용봉동 1377-2,17,무료,0:00,0:00,0:00,0:00,0:00,0:00,광주광역시 북구 저불로 47-14(용봉동),북구,126.893892264622,35.1790969394004
용봉동 제2공영주차장,공영,광주광역시 북구 용주로 2(용봉동),광주광역시 북구 용봉동 1231-1,18,무료,0:00,0:00,0:00,0:00,0:00,0:00,광주광역시 북구 용주로 2(용봉동),북구,126.898692471101,35.180465071685
문화동쌈지주차장,공영,,광주광역시 북구 문화동 872-1,9,무료,0:00,0:00,0:00,0:00,0:00,0:00,광주광역시 북구 문화동 872-1,북구,126.927422698882,35.1818279037639
두암2동쌈지주차장(2),공영,광주광역시 북구 군왕로141번길 58-8,광주광역시 북구 두암동 832-1,7,무료,0:00,0:00,0:00,0:00,0:00,0:00,광주광역시 북구 군왕로141번길 58-8,북구,126.929827144133,35.1741530062075
두암3동쌈지주차장(3),공영,광주광역시 북구 군왕로 72-3(두암동),광주광역시 북구 두암동 904-38,18,유료,8:00,19:00,0:00,0:00,0:00,0:00,광주광역시 북구 군왕로 72-3(두암동),북구,126.933014960418,35.1678345802592
일곡동행정복지센터(2),공영,,광주광역시 북구 일곡동 849-4,22,무료,0:00,0:00,0:00,0:00,0:00,0:00,광주광역시 북구 일곡동 849-4,북구,126.897345029621,35.2061705585235
성안교회주차장,공영,광주광역시 광산구 장신로 301,광주광역시 광산구 신창동 1188,20,무료,0:00,0:00,0:00,0:00,0:00,0:00,광주광역시 광산구 장신로 301,광산구,126.842315600637,35.1920649911392
비아교회주차장,공영,광주광역시 광산구 비아중앙로31번길 8-3,광주광역시 광산구 비아동 118-13,25,무료,0:00,0:00,0:00,0:00,0:00,0:00,광주광역시 광산구 비아중앙로31번길 8-3,광산구,126.823847038524,35.2220909452054
수완동주차장01,공영,광주광역시 광산구 수완로74번길 11-76,광주광역시 광산구 수완동 1237,10,무료,0:00,0:00,0:00,0:00,0:00,0:00,광주광역시 광산구 수완로74번길 11-76,광산구,126.831258917956,35.1935601276401
수완동주차장02,공영,광주광역시 광산구 수완로50번길 45,광주광역시 광산구 수완동 1613,11,무료,0:00,0:00,0:00,0:00,0:00,0:00,광주광역시 광산구 수완로50번길 45,광산구,126.831213449199,35.1888932155623
수완동주차장03,공영,광주광역시 광산구 수완로74번길 29-5,광주광역시 광산구 수완동 1308,11,무료,0:00,0:00,0:00,0:00,0:00,0:00,광주광역시 광산구 수완로74번길 29-5,광산구,126.830477748479,35.1920446728007
월곡동주차장,공영,광주광역시 광산구 사암로390번길 13-22,광주광역시 광산구 월곡동 680-2,16,무료,0:00,0:00,0:00,0:00,0:00,0:00,광주광역시 광산구 사암로390번길 13-22,광산구,126.80941428087,35.1794666878149
임곡동주민센터 주차장,공영,광주광역시 광산구 고봉로 788,광주광역시 광산구 임곡동 451-2,16,무료,9:00,18:00,9:00,18:00,9:00,18:00,광주광역시 광산구 고봉로 788,광산구,126.74479017612,35.2195984826775
이야기꽃 도서관 주차장,공영,광주광역시 광산구 선운중앙로67번길6,광주광역시 광산구 선암동 516,16,무료,9:00,18:00,9:00,18:00,9:00,18:00,광주광역시 광산구 선운중앙로67번길6,광산구,126.77989513699,35.1484125835083
비아5일시장 공영주차장,공영,광주광역시 광산구 비아중앙로 26-1,광주광역시 광산구 비아동 83-5,45,무료,0:00,0:00,0:00,0:00,0:00,0:00,광주광역시 광산구 비아중앙로 26-1,광산구,126.825266103869,35.2213576811976
신흥동행정복지센터 공영주차장,공영,광주광역시 광산구 신흥동안길 9,광주광역시 광산구 신촌동 1083,15,무료,9:00,18:00,9:00,18:00,9:00,18:00,광주광역시 광산구 신흥동안길 9,광산구,126.800498483231,35.1453380254418
도산동 행정복지센터 주차장,공영,광주광역시 광산구 도산로 12,광주광역시 광산구 도산동 1084-5,11,무료,9:00,18:00,9:00,18:00,9:00,18:00,광주광역시 광산구 도산로 12,광산구,126.791861173251,35.1295127243452
수완동 행정복지센터 주차장,공영,광주광역시 광산구 장덕로 158,광주광역시 광산구 수완동 936,36,무료,9:00,18:00,9:00,18:00,9:00,18:00,광주광역시 광산구 장덕로 158,광산구,126.825730886332,35.1970739751176
운남어린이도서관 주차장,공영,광주광역시 광산구 목련로217번길 10,광주광역시 광산구 운남동 387-25,40,무료,0:00,0:00,0:00,0:00,0:00,0:00,광주광역시 광산구 목련로217번길 10,광산구,126.821897426425,35.1732666022508
공무원교육원 주차장,공영,광주광역시 광산구 소촌로152번길 53-27,광주광역시 광산구 소촌동 232-2,282,무료,0:00,0:00,0:00,0:00,0:00,0:00,광주광역시 광산구 소촌로152번길 53-27,광산구,126.795901996014,35.160071642967
농업기술센터 주차장,공영,광주광역시 광산구 평동로 639-22,광주광역시 광산구 용곡동 418,51,무료,9:00,18:00,9:00,18:00,9:00,18:00,광주광역시 광산구 평동로 639-22,광산구,126.742639319803,35.1290737895103
수완인라인롤러경기장 주차장,공영,광주광역시 광산구 장덕로96번길 15,광주광역시 광산구 장덕동 1295,52,무료,0:00,0:00,0:00,0:00,0:00,0:00,광주광역시 광산구 장덕로96번길 15,광산구,126.816333247427,35.1912328396163
광주소방학교 주차장,공영,광주광역시 광산구 소촌로152번길 53-84,광주광역시 광산구 소촌동 224-21,46,무료,0:00,0:00,0:00,0:00,0:00,0:00,광주광역시 광산구 소촌로152번길 53-84,광산구,126.798295036097,35.1615813685954
동곡동 행정복지센터 주차장,공영,광주광역시 광산구 동곡로 151-56,광주광역시 광산구 하산동 134,14,무료,0:00,0:00,0:00,0:00,0:00,0:00,광주광역시 광산구 동곡로 151-56,광산구,126.772085714118,35.0983950523563
첨단2동 행정복지센터 주차장,공영,광주광역시 광산구 첨단중앙로124번길 24,광주광역시 광산구 월계동 875-4,12,무료,0:00,0:00,0:00,0:00,0:00,0:00,광주광역시 광산구 첨단중앙로124번길 24,광산구,126.843321055098,35.2162433487182
운남동 행정복지센터 주차장,공영,광주광역시 광산구 목련로217번길 10,광주광역시 광산구 운남동 387-25,21,무료,0:00,0:00,0:00,0:00,0:00,0:00,광주광역시 광산구 목련로217번길 10,광산구,126.821897426425,35.1732666022508
우산동 행정복지센터 주차장,공영,광주광역시 광산구 무진대로 246-12,광주광역시 광산구 우산동 1601-7,14,무료,0:00,0:00,0:00,0:00,0:00,0:00,광주광역시 광산구 무진대로 246-12,광산구,126.807040529941,35.1602375375304
월곡2동 행정복지센터 주차장,공영,광주광역시 광산구 산정공원로72번길 21-12,광주광역시 광산구 월곡동 490-7,19,무료,0:00,0:00,0:00,0:00,0:00,0:00,광주광역시 광산구 산정공원로72번길 21-12,광산구,126.808010755798,35.174354417094
비아동 행정복지센터 주차장,공영,광주광역시 광산구 비아중앙로31번길 6,광주광역시 광산구 비아동 105,8,무료,0:00,0:00,0:00,0:00,0:00,0:00,광주광역시 광산구 비아중앙로31번길 6,광산구,,
신가동 행정복지센터 주차장,공영,광주광역시 광산구 신가로 30,광주광역시 광산구 신가동 873-7,10,무료,0:00,0:00,0:00,0:00,0:00,0:00,광주광역시 광산구 신가로 30,광산구,,
신창동 행정복지센터 주차장,공영,광주광역시 광산구 왕버들로 291,광주광역시 광산구 신창동 1171-3,29,무료,0:00,0:00,0:00,0:00,0:00,0:00,광주광역시 광산구 왕버들로 291,광산구,126.840712460514,35.195581596664
신가도서관 주차장,공영,광주광역시 광산구 신가로40번길 24,광주광역시 광산구 신가동 870,22,무료,0:00,0:00,0:00,0:00,0:00,0:00,광주광역시 광산구 신가로40번길 24,광산구,126.827852554214,35.1826649031484
빛고을 국민체육센터 옆 공영주차장,공영,광주광역시 광산구 무진대로211번길 21-5,광주광역시 광산구 우산동 1574-7,21,유료,0:00,0:00,0:00,0:00,0:00,0:00,광주광역시 광산구 무진대로211번길 21-5,광산구,126.803490721942,35.1632180294829
광주여자대학교A공영주차장,공영,광주광역시 광산구 용아로 245,광주광역시 광산구 우산동 1611-1,35,유료,0:00,0:00,0:00,0:00,0:00,0:00,광주광역시 광산구 용아로 245,광산구,126.801485607066,35.1652481321552
광주여자대학교B공영주차장,공영,광주광역시 광산구 용아로 231,광주광역시 광산구 우산동 1611-9,30,유료,0:00,0:00,0:00,0:00,0:00,0:00,광주광역시 광산구 용아로 231,광산구,,
월곡 2동 주민센터 앞 공영주차장,공영,광주광역시 광산구 월곡동 산정공원로72번길 21,광주광역시 광산구 월곡동 490-15,6,무료,0:00,0:00,0:00,0:00,0:00,0:00,광주광역시 광산구 월곡동 산정공원로72번길 21,광산구,,
신흥동 공영주차장,공영,광주광역시 광산구 신촌동 신흥동안길 9,광주광역시 광산구 신흥동 1083-1,10,무료,0:00,0:00,0:00,0:00,0:00,0:00,광주광역시 광산구 신촌동 신흥동안길 9,광산구,126.800498483231,35.1453380254418
진곡일반산업단지 주차장1,공영,광주광역시 광산구 고룡동 임곡로 425,광주광역시 광산구 고룡동 997,40,무료,0:00,0:00,0:00,0:00,0:00,0:00,광주광역시 광산구 고룡동 임곡로 425,광산구,,
진곡일반산업단지 주차장2,공영,광주광역시 광산구 진곡동 진곡산단중앙로 224,광주광역시 광산구 진곡동 511,22,무료,0:00,0:00,0:00,0:00,0:00,0:00,광주광역시 광산구 진곡동 진곡산단중앙로 224,광산구,,
진곡일반산업단지주차장3,공영,광주광역시 광산구 오선동 진곡산단2번로 80,광주광역시 광산구 오선동 667,11,무료,0:00,0:00,0:00,0:00,0:00,0:00,광주광역시 광산구 오선동 진곡산단2번로 80,광산구,,
진곡일반산업단지주차장4,공영,광주광역시 광산구 오선동 진곡산단2번로 82,광주광역시 광산구 오선동 680,8,무료,0:00,0:00,0:00,0:00,0:00,0:00,광주광역시 광산구 오선동 진곡산단2번로 82,광산구,,
진곡일반산업단지주차장5,공영,광주광역시 광산구 오선동 진곡산단2번로 58,광주광역시 광산구 오선동 708,11,무료,0:00,0:00,0:00,0:00,0:00,0:00,광주광역시 광산구 오선동 진곡산단2번로 58,광산구,126.792073768919,35.1996492954098
진곡일반산업단지주차장6,공영,광주광역시 광산구 오선동 진곡산단2번로 76,광주광역시 광산구 오선동 686,18,무료,0:00,0:00,0:00,0:00,0:00,0:00,광주광역시 광산구 오선동 진곡산단2번로 76,광산구,126.790626423659,35.2010787788541
진곡일반산업단지주차장7,공영,광주광역시 광산구 오선동 진곡산단3번로 54,광주광역시 광산구 오선동 634,33,무료,0:00,0:00,0:00,0:00,0:00,0:00,광주광역시 광산구 오선동 진곡산단3번로 54,광산구,126.788979932107,35.2019572621978
진곡일반산업단지주차장8,공영,광주광역시 광산구 오선동 진곡산단3번로 54,광주광역시 광산구 오선동 634,20,무료,0:00,0:00,0:00,0:00,0:00,0:00,광주광역시 광산구 오선동 진곡산단3번로 54,광산구,126.788979932107,35.2019572621978
진곡일반산업단지주차장9,공영,광주광역시 광산구 고룡동 진곡산단중앙로 244,광주광역시 광산구 고룡동 1007,23,무료,0:00,0:00,0:00,0:00,0:00,0:00,광주광역시 광산구 고룡동 진곡산단중앙로 244,광산구,126.780690342738,35.209796450753
진곡일반산업단지주차장10,공영,광주광역시 광산구 진곡동 진곡산단5번로 43,광주광역시 광산구 진곡동 529,22,무료,0:00,0:00,0:00,0:00,0:00,0:00,광주광역시 광산구 진곡동 진곡산단5번로 43,광산구,,
진곡일반산업단지주차장11,공영,광주광역시 광산구 진곡동 진곡산단4번로 63,광주광역시 광산구 진곡동 139-5,38,무료,0:00,0:00,0:00,0:00,0:00,0:00,광주광역시 광산구 진곡동 진곡산단4번로 63,광산구,126.788247389933,35.2065171798278
진곡일반산업단지주차장12,공영,광주광역시 광산구 오선동 진곡산단2번로 1,광주광역시 광산구 고룡동 220-24,65,무료,0:00,0:00,0:00,0:00,0:00,0:00,광주광역시 광산구 오선동 진곡산단2번로 1,광산구,,
진곡일반산업단지주차장13,공영,광주광역시 광산구 진곡동 진곡산단5번로 75,광주광역시 광산구 진곡동 552,14,무료,0:00,0:00,0:00,0:00,0:00,0:00,광주광역시 광산구 진곡동 진곡산단5번로 75,광산구,,
비아동 공영주차장,공영,광주광역시 광산구 비아동 비아중앙로31번길 6,광주광역시 광산구 비아동 105,33,무료,0:00,0:00,0:00,0:00,0:00,0:00,광주광역시 광산구 비아동 비아중앙로31번길 6,광산구,,
야촌마을공영주차장,공영,광주광역시 광산구 신촌동 야촌길 34,광주광역시 광산구 신촌동 707-90,14,무료,0:00,0:00,0:00,0:00,0:00,0:00,광주광역시 광산구 신촌동 야촌길 34,광산구,126.80627540525,35.1394954959018
비아 5일시장 제2공영주차장,공영,광주광역시 광산구 비아동 비아동원촌길 17,광주광역시 광산구 비아동 66-6,46,무료,0:00,0:00,0:00,0:00,0:00,0:00,광주광역시 광산구 비아동 비아동원촌길 17,광산구,126.825704561328,35.2205975745712
평동 종합 비즈니스센터 주차장,공영,광주광역시 광산구 평동산단로 184-1,광주광역시 광산구 월전동 1221,30,무료,0:00,0:00,0:00,0:00,0:00,0:00,광주광역시 광산구 평동산단로 184-1,광산구,126.769399100216,35.1236374610561
운남동 공영주차장,공영,광주광역시 광산구 목련로219번길 112,광주광역시 광산구 운남동 524-3,45,무료,8:00,20:00,8:00,20:00,8:00,20:00,광주광역시 광산구 목련로219번길 112,광산구,126.823651724997,35.1764761033029
광산구 공익활동지원센터 주차장,공영,광주광역시 광산구 장덕로96번길 15,광주광역시 광산구 장덕동 1295,5,무료,9:00,18:00,9:00,18:00,9:00,18:00,광주광역시 광산구 장덕로96번길 15,광산구,126.816333247427,35.1912328396163
월곡시장 주차타워,공영,광주광역시 광산구 사암로 300,광주광역시 광산구 월곡동 687-3,50,유료,0:00,0:00,0:00,0:00,0:00,0:00,광주광역시 광산구 사암로 300,광산구,126.809647841289,35.1712971673782
맨하탄모텔 옆 공영주차장,공영,광주광역시 광산구 우산동 1577-7,광주광역시 광산구 무진대로231번길 15,20,유료,0:00,0:00,0:00,0:00,0:00,0:00,광주광역시 광산구 우산동 1577-7,광산구,126.805894797177,35.1629529400875
광산로 공영주차장,공영,광주광역시 광산구 광산로 30번길 10,광주광역시 광산구 송정동 818-15,48,유료,0:00,0:00,0:00,0:00,0:00,0:00,광주광역시 광산구 광산로 30번길 10,광산구,,
신가공영유료주차장,공영,광주광역시 광산구 수능로 242,광주광역시 광산구 신가동 894-1번지 14필지,59,무료,0:00,0:00,0:00,0:00,0:00,0:00,광주광역시 광산구 수능로 242,광산구,,
호남병원 옆 공영주차장,공영,광주광역시 광산구 무진대로 255,광주광역시 광산구 우산동 1583-4,59,유료,0:00,0:00,0:00,0:00,0:00,0:00,광주광역시 광산구 무진대로 255,광산구,126.808606236188,35.1620576991507
광산로 제 2공영주차장,공영,광주광역시 광산구 송정동 광산로 48,광주광역시 광산구 송정동 805-4,70,유료,0:00,0:00,0:00,0:00,0:00,0:00,광주광역시 광산구 송정동 광산로 48,광산구,126.796618971739,35.1395453837177
원동 공영주차장,공영,광주광역시 광산구 송정동 내상로33번길 111,광주광역시 광산구 송정동 679,8,무료,0:00,0:00,0:00,0:00,0:00,0:00,광주광역시 광산구 송정동 내상로33번길 111,광산구,126.80158606191,35.142003696619
하남산단근로자주차장,공영,광주광역시 광산구 장덕동 하남산단4번로 132,광주광역시 광산구 장덕동 982-10,56,무료,0:00,0:00,0:00,0:00,0:00,0:00,광주광역시 광산구 장덕동 하남산단4번로 132,광산구,,
송정매일시장상가주차타워,공영,광주광역시 광산구 송정동 내상로 10,광주광역시 광산구 송정동 792-8,213,유료,0:00,0:00,0:00,0:00,0:00,0:00,광주광역시 광산구 송정동 내상로 10,광산구,126.794956526476,35.140437272869
송정5일시장 공영주차장,공영,광주광역시 광산구 송정동 광산로30번길 80,광주광역시 광산구 송정동 231-2,186,유료,0:00,0:00,0:00,0:00,0:00,0:00,광주광역시 광산구 송정동 광산로30번길 80,광산구,126.797731277916,35.1362274425736
